chromosome	termination_start	termination_end	readID	read_start	read_end	strand	sample
chr1	89327379	89327379	2a41d31a-f0ca-4634-a24e-d88295dc856b	89304517	89343662	rev	OV3_Cisp0
chr1	103415485	103419780	a7b804c2-2071-4113-8d05-f5f49438d307	103398907	103464163	rev	OV3_Cisp0
chr1	143210602	143210602	f7586cbc-15e5-4ea2-8d69-ca77234fa62c	143184587	143242897	rev	OV3_Cisp0
chr1	156139727	156144265	ab27d203-6436-416b-abee-b73fab38f9fd	156129949	156171390	fwd	OV3_Cisp0
chr1	223480235	223480235	a37dcbba-45bd-4a77-80d3-5dae45a65f2c	223461031	223484394	fwd	OV3_Cisp0
chr16	46396417	46396417	182b7ded-a362-41db-8656-4e2238cb17bf	46382568	46402658	rev	OV3_Cisp0
chr16	46392759	46392759	68ab7d78-3bc6-42f2-bd33-dcbaa7a15236	46382611	46407742	rev	OV3_Cisp0
chr16	46389646	46389646	86881a21-9895-4151-8f5c-5c74601d319e	46384016	46412069	rev	OV3_Cisp0
chr16	46396629	46396629	a443b7da-8669-43d3-9e82-22feb281696c	46385999	46403314	fwd	OV3_Cisp0
chr16	46396220	46396220	f6f32522-122b-40f5-baaa-cc220f15a15a	46388053	46407742	rev	OV3_Cisp0
chr19	53560769	53560769	4910947a-8083-4700-b591-ca874ce2a313	53553497	53585826	rev	OV3_Cisp0
chr2	91413677	91413677	a99b543c-7e73-4b44-958e-45305e773c02	91404242	91423218	fwd	OV3_Cisp0
chr2	101792804	101792804	5e031e70-7c80-480e-a356-da18278b3d66	101778428	101806590	fwd	OV3_Cisp0
chr2	140095971	140095971	c8b05904-d590-4a23-92da-369e41933839	140091580	140105325	rev	OV3_Cisp0
chr2	189664147	189664147	14f2f412-d8d0-4ec2-a47c-4f54ad97267d	189649578	189688529	fwd	OV3_Cisp0
chr2	198620136	198620136	9e7b4b8b-a51c-46de-8358-5a8e35abfe5b	198602199	198625294	rev	OV3_Cisp0
chr20	31067611	31067611	467c4806-2517-4b93-8fc0-4bd34d926783	31051508	31073213	fwd	OV3_Cisp0
chr20	31073736	31073736	f6351dd0-5f3c-4c6e-b1b8-3c3e9bf10692	31062919	31082166	fwd	OV3_Cisp0
chr20	58630919	58630919	ac672e4f-151d-4272-83b1-e40be769e6b3	58624520	58649428	fwd	OV3_Cisp0
chr21	7945067	7951292	d2e01e7a-4153-41cb-b696-213b5bd63568	7939810	7955850	fwd	OV3_Cisp0
chr3	54243424	54243424	9afa5c6c-6387-4221-a300-0264cb4e7287	54223437	54255321	rev	OV3_Cisp0
chr3	87152029	87152029	4897abd1-3e54-4c69-b37f-75a253999f3f	87145364	87158041	fwd	OV3_Cisp0
chr3	106111116	106111116	1e1d35de-a8ce-4366-ac5d-7802d9538451	106104097	106117798	fwd	OV3_Cisp0
chr3	147926154	147926154	b8959936-267f-41c5-bd30-c666c6883ac6	147916527	147932204	fwd	OV3_Cisp0
chr3	166343454	166346927	40bbd6b7-16f2-4da6-adca-2b7396e78350	166320146	166395420	rev	OV3_Cisp0
chr3	178002163	178002163	6c67e3a5-5ca0-4d41-887a-9e1f416f5967	177996068	178006009	rev	OV3_Cisp0
chr4	49121936	49121936	d24b7e15-b2d3-494c-b39c-c13f689488f4	49111601	49143536	rev	OV3_Cisp0
chr4	49130176	49130176	d9a89cba-8326-4220-beb7-1428d27be158	49117434	49152864	fwd	OV3_Cisp0
chr4	49651312	49651312	9590c999-c4db-4001-8a4b-bdb1caaa02e4	49643912	49658098	fwd	OV3_Cisp0
chr5	22501022	22501022	1d4869aa-b8fe-412a-aa05-27ee628d61c1	22464002	22515028	fwd	OV3_Cisp0
chr6	26852041	26852041	988c9cc7-2d89-4e92-bff3-cf68569ec454	26847334	26865907	rev	OV3_Cisp0
chr6	121879052	121879052	c7ef469c-85ab-47e8-b295-a97435fb0ed8	121861525	121911644	fwd	OV3_Cisp0
chr6	145488478	145488478	587b5dd4-fd3d-40b2-9e15-d1f9c7463461	145480038	145509840	fwd	OV3_Cisp0
chr7	21456005	21456005	43ae0014-2366-4d40-b525-9c2e7df02c53	21441341	21472049	fwd	OV3_Cisp0
chr7	62349506	62349506	2224c52a-ef9d-4f46-ba05-7350bab12a5f	62343496	62358864	rev	OV3_Cisp0
chr8	27742077	27742077	5afb3647-c882-493d-93cf-3e7874888bbd	27728564	27756345	rev	OV3_Cisp0
chr9	24635383	24635383	260eb3ba-b54c-4f00-8ff5-645b667612ff	24629442	24640777	fwd	OV3_Cisp0
chr10	41890479	41890479	19189686-06da-4937-9653-78179ae02abd	41881813	41898802	fwd	OV3_Cisp0
chr10	81624477	81624477	5d781a47-a8b9-484c-bfdd-45127b89abe6	81617298	81634126	rev	OV3_Cisp0
chr11	115608443	115608443	f86f09d1-67d5-4175-9771-cbb5ac1aff9a	115590434	115611992	fwd	OV3_Cisp0
chr13	78042908	78075409	36337a9f-7a5d-44ad-8ac8-37f9e5d9da7f	78008093	78094616	rev	OV3_Cisp0
chrX	124112938	124112938	784698e1-4549-4d42-bcf4-7ad02f691dc1	124107249	124147155	fwd	OV3_Cisp0
chr2	87423314	87423314	d5b0c0dd-2b33-4a42-8f6d-7ffc6fa12bfb	87413549	87431213	fwd	OV3_Cisp1_masked
chr20	31072412	31072412	c59646d1-1a2e-4dc9-b3ac-a8a4e723074f	31057030	31077103	fwd	OV3_Cisp1_masked
chr20	31072462	31072462	5765bb02-f4bc-4841-a3dd-d0549beccec5	31062827	31080055	fwd	OV3_Cisp1_masked
chr4	49106287	49106287	929594ee-f6bc-4592-b72b-05358679b18e	49097071	49114651	fwd	OV3_Cisp1_masked
chr4	49123437	49129089	e427b7f1-d950-4fac-b848-131909a50cb6	49107058	49134966	rev	OV3_Cisp1_masked
chr4	49143634	49143634	c758e69e-862b-4188-be0a-0ddeaa70e04a	49138579	49147794	fwd	OV3_Cisp1_masked
chr4	49150390	49153869	7a524d78-d6fe-4e1f-aa23-54c7b81ef930	49146922	49156630	fwd	OV3_Cisp1_masked
chr4	49152352	49152352	07d689f1-70c0-472a-970e-f464128d65f1	49150017	49156631	fwd	OV3_Cisp1_masked
chr8	55284214	55284214	dfb993a8-21b4-477a-b1b3-0c7be22ab3d6	55281667	55293030	rev	OV3_Cisp1_masked
chr1	27232988	27232988	ad694848-2e5b-4cbb-8fe9-ea6f4c7e8abc	27226197	27236703	fwd	UWB_Cisp0
chr1	73939346	73939346	b51008db-9b55-43ac-8052-8e44b6a8841e	73934013	73961474	fwd	UWB_Cisp0
chr1	193539355	193539355	58600f1b-83e5-414d-aedd-f9c65732765a	193532846	193545572	fwd	UWB_Cisp0
chr16	46392750	46392750	9f4c8e33-2fa8-429d-a302-5cf89035a8b9	46385225	46404014	rev	UWB_Cisp0
chr16	46396269	46396269	b8573561-4e52-4db7-b7ad-029e9382101f	46388073	46410173	rev	UWB_Cisp0
chr16	46397912	46397912	6a084001-33c3-44dc-872c-32eb153cf1f4	46389109	46409465	rev	UWB_Cisp0
chr2	130882909	130891007	aab1b2e8-a725-42d4-97da-83c7633ca194	130864767	130896953	fwd	UWB_Cisp0
chr20	31066213	31066213	b827eb66-d485-4029-b11d-343cb518a445	31051508	31068512	fwd	UWB_Cisp0
chr20	31083135	31083135	f9fe5dcf-390f-4291-9d20-bd9f2617158f	31077911	31089028	fwd	UWB_Cisp0
chr20	53849538	53849538	62cc2ff9-4d19-479a-8931-3baa981e67c1	53813774	53854598	rev	UWB_Cisp0
chr3	100347137	100347137	8002bd8a-29b3-4107-8785-a0c6943cc8af	100343222	100355612	rev	UWB_Cisp0
chr3	144008593	144008593	ed01e36a-023e-437a-be25-0139fe9c1c82	144001054	144014875	fwd	UWB_Cisp0
chr3	178963477	178963477	badfda65-a82a-472b-8dda-a7f5553cfb50	178957061	178969490	fwd	UWB_Cisp0
chr3	183517416	183517416	44c40c90-2797-4635-a743-9cc80dd965cf	183502882	183522236	rev	UWB_Cisp0
chr4	114149913	114149913	626715a5-8349-49f2-b3a5-4e1f40c0be7a	114145233	114154605	rev	UWB_Cisp0
chr5	8409990	8409990	fbc284f6-dacb-4068-9e4f-9fad5a941320	8401934	8424930	rev	UWB_Cisp0
chr5	43689250	43689250	e11657e6-0473-446e-abf2-cd733773db06	43683111	43698546	rev	UWB_Cisp0
chr5	153604061	153604061	43768f4f-0e81-4822-a309-d9cefb3105f7	153601431	153610893	rev	UWB_Cisp0
chr7	878395	878395	0bbafe77-83fe-40bb-a1c8-ad8772a0fff8	862965	885061	fwd	UWB_Cisp0
chr8	35019440	35019440	32245596-e000-4556-91e0-5d5f016382a4	35005786	35033284	fwd	UWB_Cisp0
chr10	41875063	41875063	42a21ae2-7697-433e-950c-ad0cd9f9a914	41862729	41880440	fwd	UWB_Cisp0
chr10	41876710	41876710	cf1a7980-23b2-4ad1-aebe-d0dccd3a81c1	41867290	41883450	fwd	UWB_Cisp0
chr10	41894870	41894870	5f518075-7a9f-4302-9000-3988f697b85a	41887180	41916265	fwd	UWB_Cisp0
chr12	53272922	53272922	c8a051b2-a001-4f53-86f3-7356f7d30cfb	53263351	53279391	fwd	UWB_Cisp0
chr13	34188694	34188694	5a185b06-a655-4757-9732-ce5bbec6da14	34185234	34196553	fwd	UWB_Cisp0
chr13	87887103	87887103	f2df1d86-5e49-40c7-8708-cc2070217239	87871544	87902315	fwd	UWB_Cisp0
chrX	15327321	15327321	43c49547-5892-418d-82f0-fdc05b07a350	15324912	15335898	fwd	UWB_Cisp0
chr1	143209322	143209322	193bf75f-0e1c-44c6-8fca-408e237b3036	143200062	143221953	fwd	UWB_Cisp1
chr1	143223403	143223403	1175b148-7b5f-4b1f-8fbe-6319b8ae4dac	143213022	143233430	fwd	UWB_Cisp1
chr16	46389339	46389339	dedaee74-ebc4-44fa-b1ca-96c4f33d9654	46383095	46405953	fwd	UWB_Cisp1
chr16	46396248	46396248	75474515-1f22-4d50-9974-6fcf4abc68aa	46385624	46400636	rev	UWB_Cisp1
chr16	46396612	46396612	cc937f93-59bf-4313-abd2-74bf6ec27c68	46387304	46403452	rev	UWB_Cisp1
chr16	46392675	46392675	d0a6557a-4255-4494-baa3-3994a8cbd40a	46387385	46401758	rev	UWB_Cisp1
chr20	31069870	31069870	d34b4690-21f8-4bba-a863-8b67b263e57c	31063974	31076455	rev	UWB_Cisp1
chr22	10714364	10714364	9f101ffd-d1a9-4c89-87bf-a205bfc07bd9	10707713	10721203	fwd	UWB_Cisp1
chr4	49152527	49152527	d51541e7-3790-4277-a351-393f1ec2a5c5	49143801	49156884	rev	UWB_Cisp1
chr4	49153998	49153998	d08c3943-301d-44ad-ab11-be946ba595d7	49147652	49166764	fwd	UWB_Cisp1
chr10	41894748	41894748	1276f8ab-f5fa-486b-870d-e6298d49cc4f	41868704	41904172	fwd	UWB_Cisp1
chr10	41880536	41880536	e090b315-f9b9-460d-bd87-24c93c0092b1	41877294	41891012	fwd	UWB_Cisp1
chr10	41886460	41886460	e069bf96-bb9a-4028-94ff-daffb9495af5	41878527	41910681	rev	UWB_Cisp1
chr10	41885776	41885776	b8d7d44c-392a-4af3-950a-fea1595b347f	41880803	41892301	rev	UWB_Cisp1
chr10	41890132	41890132	44c3c2b3-ac54-494d-bb72-1ef31cbd544a	41881793	41895226	fwd	UWB_Cisp1
chr10	41890523	41890523	d22d5ffc-1ba1-4f48-9f79-1a8c314d24d4	41883037	41900378	fwd	UWB_Cisp1
chr10	41908168	41908168	792adfd2-a9b2-450d-aab3-178d4e5ac9fe	41893512	41916263	fwd	UWB_Cisp1
chr10	55910142	55910142	9af2a3e8-f98d-4594-986c-15a0737d61cd	55906381	55921498	fwd	UWB_Cisp1
