chromosome	fork_start	fork_end	readID	read_start	read_end	strand	fork_length_bp	EdU_length_bp	BrdU_length_bp	EdU_segment_contamination	EdU_segment_purity	BrdU_segment_contamination	BrdU_segment_purity	stall_score	fork_direction
chr1	11165385	11170470	26fe9c16-a239-4aa1-9f1f-02d117e40ffa	11165379	11174169	fwd	5085	3498	1227	0.027123	0.271226	0.004386	0.850877	-3	left
chr1	27595735	27600661	41a1a5c8-5e54-4227-9fb3-877153678f89	27595090	27613991	rev	4926	1947	1594	0	0.32345	0.01548	0.671827	-3	left
chr1	41293949	41305240	6a960373-8ff8-475c-973b-ccc3f85903ba	41290417	41305247	rev	11291	3704	7302	0.002988	0.534861	0.029775	0.676966	-3	left
chr1	42227118	42232193	c0fed43a-80cf-40bf-956c-33809b18a145	42225857	42239969	rev	5075	1085	1885	0	0.356436	0.007257	0.760522	-3	left
chr1	51986904	51992708	a7f85bbd-b8e8-45d1-ab69-4e4dfa308906	51986899	51992717	rev	5804	2992	2439	0	0.554529	0	0.859649	-3	left
chr1	53258397	53262107	6403bf30-c70b-4d52-a11c-e19805bd1383	53255851	53262509	rev	3710	1740	1554	0	0.350835	0.002825	0.762712	-3	left
chr1	62456595	62467268	398f1635-812f-4c13-8d54-48d68e964fd4	62456590	62467276	rev	10673	3321	6165	0.003996	0.594406	0.011651	0.843465	-3	left
chr1	75628149	75632125	630f3f0b-b144-4fab-afba-6d7c2c85def3	75628145	75635299	fwd	3976	2198	1454	0.006515	0.436482	0.024725	0.576923	-3	left
chr1	76556273	76559034	54b5f1fe-03f8-4b22-97e6-b662eebbedbe	76556268	76570251	rev	2761	1068	1095	0	0.248718	0	0.589147	-3	left
chr1	91793353	91797059	96dd2887-40d4-4d24-adb0-3002b5559146	91793349	91798708	fwd	3706	1603	1831	0	0.473684	0.038023	0.844106	-3	left
chr1	143209322	143217920	193bf75f-0e1c-44c6-8fca-408e237b3036	143200062	143221953	fwd	8598	5169	2199	0.184379	0.358515	0	0.428571	-1	left
chr1	143211372	143223675	b69d0cf5-4f91-40ab-a5d2-2869483b9073	143211365	143223681	rev	12303	1499	10055	0	0.35101	0	0.661028	-3	left
chr1	143213603	143218702	1175b148-7b5f-4b1f-8fbe-6319b8ae4dac	143213022	143233430	fwd	5099	759	4335	0.227273	0.045455	0.042092	0.530612	-3	left
chr1	143223403	143228695	1175b148-7b5f-4b1f-8fbe-6319b8ae4dac	143213022	143233430	fwd	5292	1350	3942	0.094118	0.658824	0.035477	0.685144	-1	left
chr1	145743599	145750530	cf973308-2c2d-44dc-bc7d-d681ecabf82a	145743593	145752250	fwd	6931	4254	2413	0.031079	0.571298	0.041667	0.631667	-3	left
chr1	147386999	147394483	bca52497-8529-407f-b161-d0a25ec4a049	147386995	147394491	fwd	7484	1527	4389	0.002079	0.461538	0.040552	0.85591	-3	left
chr1	151937246	151941644	65f1306d-d29f-4e31-97d5-68e9c00e01e9	151935941	151941650	fwd	4398	2880	1160	0	0.389401	0	0.748428	-3	left
chr1	219737409	219742703	55960c1e-db3a-4335-b9c9-487c6d1df9f7	219737404	219746657	rev	5294	1838	3039	0	0.369888	0.001022	0.776074	-3	left
chr1	226704118	226711277	82438c37-0302-42f4-a03e-c5ddb8d624ff	226700606	226717647	rev	7159	3030	3800	0	0.539765	0.008108	0.858559	-3	left
chr1	241364353	241371298	49ae65d6-3ff0-459a-9151-2f14a9a49ab0	241364345	241374397	fwd	6945	3319	3230	0.020148	0.33298	0.017333	0.84	-3	left
chr14	21108456	21113760	c4596a07-0922-4c53-9193-948d6da5cc55	21108451	21119782	rev	5304	2771	1309	0.003017	0.269985	0.020772	0.596439	-3	left
chr14	52090575	52096380	2d3493a0-ac0f-43b0-aad9-ae3c6fa18ad2	52090569	52099675	rev	5805	2242	3270	0	0.541195	0.035753	0.788732	-3	left
chr14	61041089	61052590	966cc99c-0db2-4d19-af48-a28da5929488	61041084	61055461	fwd	11501	1580	9650	0.01913	0.427826	0.018295	0.722966	-3	left
chr14	63118141	63127902	f73cb6cc-f9d5-47b9-ac83-b70e65b6a169	63110433	63128017	fwd	9761	1130	8215	0	0.28481	0.023697	0.725848	0.318084	left
chr14	67896486	67900356	82c6ae26-301c-424d-a49b-51832a342270	67896476	67902523	rev	3870	1258	2250	0.008982	0.58982	0.033333	0.703846	-3	left
chr14	92815172	92823551	a15e34e2-0678-4c87-a9ca-de19cd5c092f	92815165	92823567	rev	8379	2001	4678	0.10251	0.550209	0.023596	0.906428	-3	left
chr15	19958643	19964383	4c1541ac-fd9c-4f5b-82bc-9f55d883c4e5	19958637	19974914	rev	5740	3664	1799	0	0.384314	0.008803	0.885563	-3	left
chr15	38616618	38622500	4f4ccddf-f81e-41b9-b4f3-8cab4b7fd5ba	38606430	38622507	fwd	5882	2207	2734	0	0.41129	0.005442	0.789116	-3	left
chr15	43690323	43698303	524abb1f-e220-4a82-bf94-ad0bcf1853a6	43689293	43700973	fwd	7980	1382	6329	0.019002	0.522565	0.008368	0.6841	-3	left
chr15	45228073	45235120	4b2ad1e8-b8f0-4441-8119-2a8840290160	45227361	45238055	fwd	7047	2584	3741	0	0.714681	0.010081	0.815524	-3	left
chr15	49771191	49781719	6bfc2624-30ab-4029-8fc5-ba10f146e5bd	49771183	49781723	rev	10528	4479	3744	0.056056	0.634635	0.000956	0.89675	-3	left
chr15	53217648	53227729	04952cb2-ae61-46e4-b1e6-7cefc7f87bdc	53216416	53228616	rev	10081	1227	8440	0	0.29805	0.035304	0.650787	-3	left
chr15	81990421	81995307	54fa0997-4df4-41e8-a2c3-01bde7f24cab	81988806	81999014	rev	4886	1357	3028	0.022847	0.260105	0.021021	0.656657	-3	left
chr15	82738414	82749512	1767ed96-3a00-4068-a23c-b5a94334738d	82738408	82749907	rev	11098	3877	6196	0	0.215474	0.000541	0.792208	-3	left
chr15	83942427	83948199	d7de8118-395e-48fc-9ab7-75e2070a8a04	83942422	83953229	rev	5772	1897	3502	0	0.451193	0.00119	0.815476	-3	left
chr15	96131149	96138752	008d21d0-81b3-4f85-abb3-974d7f971868	96131143	96142289	rev	7603	1433	5833	0.006316	0.526316	0.000615	0.827904	-3	left
chr16	35974863	35979712	f0e543d1-17c6-43dc-9059-a0372f60f2fe	35974852	35985095	rev	4849	1647	2866	0	0.423573	0.001059	0.75	-3	left
chr16	46389339	46398235	dedaee74-ebc4-44fa-b1ca-96c4f33d9654	46383095	46405953	fwd	8896	4024	1655	0.043651	0.376984	0.059783	0.423913	-1	left
chr16	46396248	46400496	75474515-1f22-4d50-9974-6fcf4abc68aa	46385624	46400636	rev	4248	3202	1046	0.015892	0.383863	0	1	-1	left
chr16	46395008	46403050	16aca80b-4b07-49fc-8cc2-e45420b65667	46385709	46403055	fwd	8042	1174	2291	0.060345	0.603448	0	0.456522	-3	left
chr16	46395835	46403295	ea80e1ae-788a-4efb-80f8-9fb167d14b4c	46386486	46403301	rev	7460	1414	4152	0	0.329032	0	0.441176	-3	left
chr16	46389186	46399750	a1851840-9061-4746-8a46-4feb1034bdf4	46386831	46401474	fwd	10564	5287	1315	0.064334	0.414221	0	0.90625	-3	left
chr16	46395835	46402719	a45e041f-8bbb-4844-8e3b-bd22b7838332	46387214	46403911	rev	6884	1101	4151	0	0.355987	0	0.466667	-3	left
chr16	46396612	46400047	cc937f93-59bf-4313-abd2-74bf6ec27c68	46387304	46403452	rev	3435	1683	1610	0.02144	0.350689	0	0.5	-1	left
chr16	46392675	46401751	d0a6557a-4255-4494-baa3-3994a8cbd40a	46387385	46401758	rev	9076	7288	1535	0.15772	0.348575	0.057143	0	-1	left
chr16	46394096	46397117	7d26f6aa-1b6e-40ae-bae8-9dc1c4de9b46	46388224	46403914	rev	3021	1483	1538	0.045045	0.225225	0	0.641026	-3	left
chr16	46395068	46403215	295a246a-e51a-475d-951a-5967231f22dd	46388775	46403765	fwd	8147	1022	2231	0.015464	0.278351	0	0.611111	-3	left
chr16	46391216	46397309	35ed10ed-919e-4d3d-958f-98814fed4834	46389542	46400128	fwd	6093	2851	2995	0	0.186667	0	0.1875	-3	left
chr16	46390779	46397293	f8fb20d3-1510-4d7c-b346-05c3fb5ace72	46389873	46402698	rev	6514	2620	3421	0.138462	0.553846	0.006536	0.601307	-3	left
chr16	84346665	84363926	827c15dd-292a-4891-a612-6ed3d714233a	84346660	84363935	fwd	17261	1974	12608	0.00759	0.474383	0.00388	0.697354	-3	left
chr17	15671575	15680565	7c34f11f-7267-429a-9f7a-51239605b436	15671563	15680573	rev	8990	4142	2893	0.000849	0.504244	0.080495	0.757482	-3	left
chr17	21973743	21976434	ceffae9c-b8c9-4fed-9b5d-d0476100016e	21972119	21983019	fwd	2691	1278	1075	0.04	0.37	0	0.678571	-3	left
chr17	33964359	33972986	ae5dc0f0-f660-48be-a77b-757d53ef11a9	33961783	33998621	fwd	8627	2089	1880	0	0.300797	0	0.878465	-3	left
chr17	55975814	55985139	da4d0196-a6bc-4971-9569-ba384411d1e7	55975444	55988312	rev	9325	1013	7850	0	0.285714	0.008204	0.727979	-3	left
chr17	63212316	63218353	8a4cbdce-d146-4c54-9634-34486579b3ff	63212310	63227300	fwd	6037	1160	4618	0.073427	0.468531	0.00939	0.707355	-3	left
chr18	5874821	5879962	d5c9beb3-3729-4660-b99d-e0e9bfb05694	5874814	5881214	rev	5141	1955	2838	0	0.36014	0.028858	0.855709	-3	left
chr18	8442274	8451757	b174323e-f3f9-4450-bedd-932741548f8a	8442153	8454054	fwd	9483	1790	5034	0	0.404612	0.012533	0.747361	-3	left
chr18	8759239	8764067	56f6b0bc-c712-4175-89be-12d5d95888eb	8757901	8764227	fwd	4828	3135	1267	0	0.533485	0.059561	0.576803	-3	left
chr18	30759333	30762577	8844c659-84b0-4df0-ae87-372cc73fff1f	30754702	30767245	fwd	3244	1167	1807	0	0.34375	0	0.82038	-3	left
chr18	43967333	43971449	f57a35ee-8358-4956-afe1-b3ac77544fbc	43967326	43973394	rev	4116	1929	1939	0	0.506818	0.005008	0.884808	-3	left
chr18	57832228	57836964	ff7f2be7-c091-4758-8908-cd485965d3ca	57832222	57841272	fwd	4736	2060	1125	0.032149	0.37225	0.003436	0.749141	-3	left
chr18	79235626	79241576	167f1dcf-1fb9-473b-a16c-0d5480d86c9d	79235609	79249193	fwd	5950	2059	3566	0.019892	0.34358	0.009434	0.793396	-3	left
chr19	57504049	57513769	42151203-b288-4b4e-b800-37a053c5aabe	57504039	57513775	rev	9720	1061	7358	0	0.492212	0.000503	0.933668	-3	left
chr2	3333334	3338359	960d13b4-b631-49a1-b575-1539d9083d5a	3333327	3343827	fwd	5025	1679	1979	0	0.38835	0	0.564232	-3	left
chr2	8759985	8774192	9cb2b8dc-74e0-4309-a2cb-81fe29523927	8759804	8774196	rev	14207	2888	9737	0.063474	0.650334	0.002472	0.921199	-3	left
chr2	15288568	15299151	68cc4246-ac66-4aef-8d1f-83cfc7ed56b2	15288563	15302881	rev	10583	4849	5009	0.037696	0.366287	0.005461	0.808191	-3	left
chr2	26833109	26841277	e1b1f868-71bf-43de-a42d-9adfcadc7110	26833105	26841900	fwd	8168	3028	4923	0.017422	0.576074	0.037688	0.681742	-3	left
chr2	117649207	117655428	f12938e9-c176-457a-84c4-34451395aa40	117649196	117660867	rev	6221	2355	3626	0.028441	0.465301	0.006923	0.85	-3	left
chr2	139175620	139186593	e551196d-29fb-4488-97c1-cd264f694ee8	139175607	139186604	rev	10973	4065	5530	0.006087	0.74087	0.004932	0.920469	-3	left
chr2	143902747	143908111	7d834efc-56ad-4904-9bb5-155728bf4cd9	143902740	143908471	rev	5364	1774	3298	0.069149	0.494681	0.024169	0.912387	-3	left
chr2	149788185	149791662	8b3cdc65-fa74-4829-bfbc-d4c93c1e85e0	149788171	149793867	rev	3477	1127	1942	0	0.367089	0.014523	0.759336	-3	left
chr2	156532155	156536870	3d5e18f1-705b-4fde-a31b-64a1a6ad3484	156532147	156543697	fwd	4715	2081	2226	0	0.628814	0.010786	0.793529	-3	left
chr2	158902449	158907183	0842ca53-c7f4-4ef8-8346-498173f246d6	158902443	158909153	rev	4734	1204	3288	0	0.543147	0.028896	0.854489	-3	left
chr2	159907972	159920875	c58b20ff-0b77-4271-a7a8-81ac4d06fad6	159907596	159924294	fwd	12903	1882	7534	0	0.24307	0.003602	0.790185	-3	left
chr2	162675675	162682640	e014ce1f-f0fa-4b14-8bb7-8dc373919ef1	162675670	162685211	rev	6965	1880	3897	0.036125	0.458128	0.045202	0.725615	-3	left
chr2	172918808	172928069	3b25bd55-178a-430f-8a89-e3f835a0c202	172918801	172928310	rev	9261	2944	6070	0.017699	0.47677	0.022297	0.847973	-3	left
chr2	224628611	224634484	3ef7c955-0208-4779-9e5b-37a0ac768ca9	224628604	224634489	fwd	5873	3018	2568	0.02236	0.710559	0.018625	0.863897	-3	left
chr20	3782649	3788923	6d8a591d-6ef4-443a-8557-821950e9878a	3781939	3789251	rev	6274	2295	2977	0	0.452611	0.027257	0.645656	-3	left
chr20	19703946	19709604	d5677972-051f-44cc-a495-1cb97b6f87e1	19703760	19710414	rev	5658	1067	4178	0	0.363309	0.024473	0.683544	-3	left
chr20	29113102	29118027	0c27d3a5-2adf-4f58-b6f7-ac4fb4a4ff25	29113095	29125693	fwd	4925	1776	2822	0.024673	0.457184	0.019894	0.741379	-3	left
chr20	31059333	31065537	270b3b72-f2b3-42f6-806f-4582c472bd73	31051508	31068338	fwd	6204	1460	4704	0.074713	0.327586	0	0.412587	-3	left
chr20	31067004	31073937	b960a576-fe2d-4d07-ac5a-818bf457e1a0	31051968	31076742	fwd	6933	1055	1439	0.157068	0.434555	0.003937	0.480315	-3	left
chr20	31062482	31070514	919f2a44-1622-4a21-a1c4-ba9757ce4c95	31052353	31072198	fwd	8032	1292	4477	0	0.634146	0.045802	0.416031	-3	left
chr20	31059693	31077118	8e0b4661-d9c4-489c-8883-67742906dbcd	31055797	31077124	fwd	17425	1129	11654	0	0.479532	0	0	-3	left
chr20	31056857	31061882	b452e204-7d46-4a59-853e-2d8f1ce46972	31054881	31084019	fwd	5025	1984	1116	0.100279	0.350975	0	0.723077	-3	left
chr20	31063842	31071233	747fdbc4-3dbc-43c8-9d2d-8401b35313e3	31063838	31076248	fwd	7391	1223	1195	0.020408	0.27551	0.028986	0.456522	-3	left
chr20	31069870	31073861	d34b4690-21f8-4bba-a863-8b67b263e57c	31063974	31076455	rev	3991	1024	1387	0.18328	0.559486	0	0.64	-1	left
chr20	31187743	31193221	234764c5-9838-409f-8147-1d09801a9776	31183791	31199411	fwd	5478	1616	1176	0.021212	0.460606	0.039526	0.422925	-3	left
chr20	33813401	33820008	f734f209-2aa7-43e3-b251-589dd43abdce	33810332	33820032	fwd	6607	2345	3967	0	0.642089	0.002727	0.723636	-3	left
chr20	38937595	38947545	e7ca9052-ce26-4883-b4bf-5fcaf9a7af48	38937590	38947937	rev	9950	4261	3725	0.006481	0.484259	0.011236	0.872659	-3	left
chr20	38989768	38998361	681abecc-0e9e-4794-8c40-99f9335cfa99	38989762	38999193	fwd	8593	2263	5202	0.007321	0.537335	0.006524	0.915777	-3	left
chr20	45768642	45775958	0148f6d3-0a44-4cff-8ef5-e84395783eb9	45768638	45784862	fwd	7316	1944	4922	0	0.239726	0.002368	0.76322	-3	left
chr21	10695658	10701136	0c1e2065-b0e5-4a14-afdb-bfff529a67dd	10695399	10701144	fwd	5478	3967	1234	0.095314	0.589357	0.168	0.624	-3	left
chr21	14853419	14864886	69ebb14b-33ec-43e8-adf9-c705eddbc180	14853219	14870404	rev	11467	2875	5494	0	0.387515	0	0.788921	-3	left
chr21	15152070	15158337	8bc388b3-3099-4768-b078-fabd52ad90c3	15152065	15160070	fwd	6267	3328	2416	0	0.491803	0.058511	0.598404	-3	left
chr21	23902750	23914678	15eec87e-5e9f-4fbd-a456-46c48fe48e56	23902743	23914683	rev	11928	2788	7168	0.026538	0.872135	0.027327	0.924039	-3	left
chr22	10714364	10720794	9f101ffd-d1a9-4c89-87bf-a205bfc07bd9	10707713	10721203	fwd	6430	2910	2249	0.025974	0.289425	0	0.889051	-1	left
chr22	28072713	28085658	c385a57f-002d-4ef5-8ee3-5cca83797dc1	28072707	28085663	rev	12945	1768	9782	0	0.345541	0.01256	0.890654	-3	left
chr3	7918417	7925827	ea346801-f77f-47c6-bd40-8bfa58dcbaec	7916173	7930141	rev	7410	2030	2956	0	0.535276	0	0.922612	-3	left
chr3	26816201	26824147	0d7da67c-e3e6-4c1c-bc51-bc553402cf09	26816187	26827571	fwd	7946	3315	4206	0.074627	0.707463	0.028158	0.744167	-3	left
chr3	26816836	26824204	5fc6e2c7-af60-4d44-aeaa-58fb6707c6a9	26816008	26831307	fwd	7368	2738	3547	0.018692	0.634346	0.006267	0.921218	-3	left
chr3	29971080	29988408	eae7e9b7-d012-4b93-8948-de59c2908dea	29971072	29988417	fwd	17328	3597	10311	0.00925	0.874615	0.078012	0.731538	-3	left
chr3	55569655	55577304	caed046e-6058-42f5-8356-1e2a099ea7a1	55569646	55577308	rev	7649	3901	2969	0.019958	0.361345	0	0.842818	-3	left
chr3	78664733	78671095	b6e6ff25-72d7-438b-a591-029a2a605993	78664729	78671113	fwd	6362	2836	3231	0	0.356147	0	0.867248	-3	left
chr3	117416446	117422633	779de764-ebb5-4633-9724-fee87db52b1e	117413982	117425871	fwd	6187	1593	4268	0	0.652838	0.025662	0.530072	-3	left
chr3	133220499	133226857	b9482d7c-a4d2-4259-8b9b-d0a4a3df7a8f	133220492	133226864	rev	6358	1099	4734	0	0.291908	0.019231	0.869755	-3	left
chr3	136202525	136212275	51c37163-5614-4e50-9c18-fff5dcd378e5	136202516	136214860	rev	9750	2278	6293	0	0.579932	0.003641	0.902913	-3	left
chr3	141138172	141150034	9dd543f6-0d2d-4620-ba9d-12bbf3ceb94f	141138166	141150042	fwd	11862	2827	7899	0	0.453731	0.000735	0.903676	-3	left
chr3	156558172	156563604	86b08c05-5b96-4b1a-aa0d-9a78253377d2	156558165	156566174	rev	5432	2993	2182	0	0.487242	0	0.87106	-3	left
chr3	158193157	158200232	9ad6a984-698f-4a4f-a3cd-e916a094fc2f	158193149	158200754	fwd	7075	4742	1793	0.031978	0.493225	0	0.871795	-3	left
chr3	158487174	158493962	c17dcde6-6bdd-4e42-8699-daae3c12fce2	158487168	158497152	fwd	6788	1267	4886	0.013661	0.5	0.030265	0.688525	-3	left
chr3	159568568	159571532	74a60c1f-0080-4687-a200-f6ca9b43ae8d	159567812	159576212	rev	2964	1236	1390	0	0.488636	0	0.675841	-3	left
chr3	160405201	160422268	8421005b-3728-4de5-8b41-82c43c3219d6	160404682	160423994	rev	17067	3679	12904	0	0.213052	0.002489	0.891461	-3	left
chr3	164747221	164749890	eec2aa5e-cbc6-4126-a3cf-69acddb22a0f	164731310	164749900	fwd	2669	1053	1329	0	0.411594	0	0.799492	-3	left
chr3	176706636	176718700	20b6e92b-5296-41d3-9edf-7fc9cc5e0371	176706591	176718708	fwd	12064	1336	8347	0	0.480583	0.002571	0.84473	-3	left
chr3	177063290	177069150	4c4feb69-1dec-4c08-b109-d36dbe816fcb	177063285	177070614	rev	5860	2314	3200	0	0.588832	0	0.882629	-3	left
chr3	193807348	193812835	4b8949d4-8e51-462e-a94f-69e32a276b89	193807343	193812845	rev	5487	4091	1104	0	0.329491	0	0.704467	-3	left
chr3	194156964	194164213	26df53eb-92ba-4af7-aa8a-07f111cf9ade	194152306	194165567	fwd	7249	1487	4628	0	0.509852	0.004237	0.844915	-3	left
chr3	197251466	197260897	f7d960c9-4b01-455e-bbfb-4724a1a9ff1a	197251457	197260912	fwd	9431	6543	2635	0.047537	0.643184	0.100865	0.752161	-3	left
chr4	2176053	2187475	c3460f57-a7ef-41d0-8b85-b0dd589b14b7	2176038	2189789	fwd	11422	1041	9013	0.00823	0.300412	0.002208	0.833039	-3	left
chr4	10510649	10517447	fb955ad6-738e-43f9-96a9-44ffade7f86c	10510644	10518901	rev	6798	1344	5139	0.002123	0.354565	0	0.85771	-3	left
chr4	21587734	21592897	e5081c44-8708-473e-98c3-c25e1a8c615b	21587729	21593827	fwd	5163	1639	3261	0	0.511765	0.002114	0.788584	-3	left
chr4	24932451	24938129	76001f6b-30b1-46ce-9d3e-6e114a663e5d	24932428	24942326	fwd	5678	1129	4201	0	0.32	0.026247	0.784777	-3	left
chr4	25279760	25287235	3ca0eeed-1761-4536-9941-b8333694e1a6	25279752	25287252	rev	7475	1592	5261	0.083333	0.824074	0.098692	0.76635	-3	left
chr4	32440784	32444871	1cdbbcaf-525d-4585-ab84-477e17af1d73	32440028	32452477	rev	4087	2261	1380	0	0.536634	0.044025	0.614256	-3	left
chr4	36113916	36121147	90280cca-8b43-4744-80b6-0d4b47b5f5f3	36113911	36127966	rev	7231	2901	3895	0.022039	0.501377	0.010574	0.766616	-3	left
chr4	49100692	49104007	afe135e8-5ae7-4370-b6c8-c6229781ba40	49093394	49106427	fwd	3315	1012	1859	0.117479	0.426934	0.011945	0.704778	-3	left
chr4	49116412	49120676	e76a28b9-d02d-4046-8f36-63cdcd7bdcd4	49108750	49121679	rev	4264	2383	1039	0.061008	0.435013	0.006993	0.370629	-3	left
chr4	49122037	49125553	c5e0e778-5c5b-41fc-87e5-b089ba6217d1	49116327	49125558	fwd	3516	1109	2098	0.076316	0.523684	0.047872	0.683511	-3	left
chr4	49147153	49150625	d51541e7-3790-4277-a351-393f1ec2a5c5	49143801	49156884	rev	3472	819	1548	0.052632	0.464912	0.071429	0.537815	-3	left
chr4	49152527	49156344	d51541e7-3790-4277-a351-393f1ec2a5c5	49143801	49156884	rev	3817	2127	519	0.062678	0.321937	0	0.355556	-1	left
chr4	49153998	49157015	d08c3943-301d-44ad-ab11-be946ba595d7	49147652	49166764	fwd	3017	1286	574	0.14881	0.355159	0	0.41704	-1	left
chr4	49637114	49639406	123441ea-8b48-4ea9-b39d-7a0dd3b86fed	49634968	49649043	fwd	2292	539	1753	0	0.217391	0.02439	0.502439	-3	left
chr4	91337476	91345694	5b04f802-078d-4b7e-b7a8-ef60e0ca75e1	91337469	91350099	rev	8218	1930	4968	0.00158	0.976303	0.007509	0.925597	-3	left
chr4	131407431	131413969	5edee8e4-0026-49a4-a183-54afdcc9f3a1	131405551	131416657	rev	6538	1268	4779	0	0.390658	0.01264	0.882022	-3	left
chr4	156148796	156154622	576f6107-9418-4750-9d83-2c0c697d9872	156148790	156162494	rev	5826	2230	3312	0.011645	0.423581	0.032567	0.795977	-3	left
chr4	162025274	162031565	9a66686b-bce5-4fe4-93ef-f4c05e1fd1a5	162025265	162037654	rev	6291	2587	3436	0.010702	0.406659	0.033333	0.715315	-3	left
chr4	183043907	183054179	564a20bc-402e-4607-9def-23466f01286d	183043902	183054183	rev	10272	3817	4982	0.00524	0.641467	0.036576	0.757132	-3	left
chr5	9714946	9720497	176d4ddf-7f3c-4661-8e8b-af5c061f97ce	9714939	9723149	fwd	5551	3217	2043	0.004902	0.466912	0.021459	0.660944	-3	left
chr5	10244793	10249963	461322d5-f140-4df3-b303-40757e35db46	10244787	10253027	rev	5170	1595	1670	0	0.399061	0	0.860082	-3	left
chr5	27729813	27737144	e28edb1e-5a40-4f86-9af0-edebe4858908	27729809	27737150	fwd	7331	2175	4899	0.005042	0.771429	0	0.893873	-3	left
chr5	49656292	49661264	be4ba0dc-5789-4082-aa15-27ca894bbab3	49656288	49661871	fwd	4972	1660	1241	0.025788	0.570201	0.044084	0.582367	-3	left
chr5	55162894	55167071	c9d39f90-d6ce-4b24-93e6-b42c8b1a48e7	55162878	55175818	fwd	4177	1216	2488	0	0.336996	0	0.716	-3	left
chr5	59528182	59533595	b915e6cf-3628-4793-8da7-e022c35750b3	59522623	59533602	rev	5413	1477	1111	0.083933	0.767386	0	0.945087	-3	left
chr5	121380019	121392304	a9af70ab-2e6a-4716-96cc-c0ea36f172d6	121378039	121392311	fwd	12285	2220	9846	0.004261	0.661932	0.02377	0.808504	-3	left
chr5	121672883	121681026	29a92ece-873a-4ea3-9f09-167d64465f68	121661387	121681032	fwd	8143	3168	4678	0	0.66624	0.003339	0.718698	0.340984	left
chr5	151490210	151497442	99d7fc3c-1e2e-4e6f-8e18-0f10207e8915	151488046	151502315	fwd	7232	2113	4791	0	0.307285	0.022792	0.826923	-3	left
chr6	10287685	10301029	5fb8e07c-2080-410b-bf28-042afd9d4087	10287679	10301034	rev	13344	2517	7991	0.008322	0.883495	0.005098	0.915463	-3	left
chr6	63134787	63142820	34515591-8b61-4e30-8e4b-6d459168ed9c	63134781	63144627	fwd	8033	1736	5271	0.106017	0.461318	0.014296	0.796998	-3	left
chr6	65755273	65759322	0f9dab25-f447-469a-ae4d-d3d2f6c020aa	65755268	65765626	rev	4049	1120	2618	0	0.426357	0.00216	0.633909	-3	left
chr6	66994746	67002499	b2792e19-3b8c-46b0-b6e3-566d9d748bca	66994740	67004157	fwd	7753	1455	5952	0	0.332425	0.00602	0.728477	-3	left
chr6	77164311	77176027	b2fe77d1-4cae-4d3c-a2d4-b126357a7a84	77164304	77179889	rev	11716	1202	10223	0	0.514107	0.039251	0.782337	-3	left
chr6	136703237	136710615	4759caad-f322-4c3f-add2-529399790c1b	136701348	136710886	fwd	7378	2245	4791	0	0.378594	0.054918	0.659016	-3	left
chr6	137744140	137750795	4c3f36e2-70e5-4b66-9dd7-d6daea8d84a9	137744134	137753368	rev	6655	1851	4478	0	0.506217	0.007037	0.831118	-3	left
chr6	156665579	156674892	1ce4b590-ddfe-4fc5-88aa-08c691498a32	156665574	156678402	rev	9313	1600	6212	0.003003	0.492492	0.009648	0.811384	-3	left
chr7	29109125	29115752	da9c3206-d495-4eb4-a544-fe7316ec1066	29109114	29115761	fwd	6627	2693	3645	0	0.69028	0.009761	0.850325	-3	left
chr7	29804064	29818160	27478e35-da35-445f-b460-fff304b05b9b	29804024	29819957	fwd	14096	1806	11971	0	0.510791	0.013191	0.80402	-3	left
chr7	50200519	50203507	6a7c9ad2-1595-49a8-94c4-767c4c1acedf	50200512	50213766	rev	2988	1374	1146	0.018182	0.315152	0	0.676471	-3	left
chr7	52597460	52607566	53b017f0-7205-4c0e-92e0-98ef55957f76	52597138	52607572	rev	10106	1131	8712	0	0.66568	0.040842	0.693895	-3	left
chr7	63239167	63249605	f6aaf1da-dd64-49cf-ad2e-5318656689ca	63239160	63249725	rev	10438	5592	4465	0.010322	0.323012	0.004689	0.849967	-3	left
chr7	82701341	82706770	1e888728-b600-40ec-9c50-c3d8dfb8fc08	82701335	82708614	rev	5429	1181	3981	0	0.416413	0.000739	0.793944	-3	left
chr7	83972025	83981353	64a3e8b1-4588-462c-8b40-475ebabd0a4d	83972019	83994251	rev	9328	4848	2262	0.00132	0.271947	0.007052	0.763047	-3	left
chr7	86017676	86025508	901c9fd1-240f-481c-af4b-52b06d09572e	86015729	86025513	fwd	7832	3222	4164	0.002646	0.445326	0.009183	0.704316	-3	left
chr7	93705012	93717761	9f77efb0-3960-4f05-ac35-adbd0fad743f	93705006	93718087	rev	12749	2975	8109	0.001045	0.494253	0.005804	0.933482	-3	left
chr7	120430050	120435788	5600c990-fac1-48f7-a512-7f9b284df4b8	120430045	120441669	rev	5738	1847	3438	0	0.364791	0.013699	0.739726	-3	left
chr7	123580691	123588507	a9438818-529f-4945-b78c-4293938d39b4	123580687	123588512	fwd	7816	1703	3781	0.009358	0.602941	0.021236	0.898649	-3	left
chr7	125680315	125690174	95953587-2e32-4a16-995e-9b2423db5122	125678564	125690179	rev	9859	2138	7354	0.00431	0.662356	0.004977	0.943832	-3	left
chr7	137965157	137967992	a780115a-aaa0-4f0f-92b5-b4dabd44dbb5	137965152	137974401	rev	2835	1037	1232	0	0.195918	0.033766	0.732468	-3	left
chr8	36378219	36383789	2f38d079-a495-476f-9f5c-e55f0a4a3b80	36378214	36383793	rev	5570	1940	3419	0	0.776316	0.005172	0.794828	-3	left
chr8	37027670	37039007	f405faf0-0315-466d-9bd1-eb4b46b8e492	37026651	37041297	rev	11337	1667	8769	0.015842	0.374257	0.00172	0.780739	-3	left
chr8	73653204	73662381	9658ab91-e42d-44c3-b233-e7ac8ad8c4f9	73653197	73663332	rev	9177	4325	4008	0.009873	0.220028	0.029839	0.857258	-3	left
chr8	90365472	90368582	dcd1227d-17ee-4edb-8b7f-0135aba0fd80	90365467	90375413	fwd	3110	1017	1673	0	0.192308	0	0.664165	-3	left
chr8	123204344	123212574	19146341-965d-4f98-a85e-0a8e82ff90de	123203366	123212578	rev	8230	2157	5769	0.071146	0.397233	0.008326	0.820983	-3	left
chr8	126873417	126878360	8ad7cf37-0466-4cb6-b0b8-2d542fec429c	126871394	126881797	rev	4943	1441	1410	0	0.382436	0.008043	0.664879	-3	left
chr8	127685856	127696232	a8699e56-a794-4eac-9efc-9c9d21d7954f	127685850	127699871	fwd	10376	1878	7571	0	0.253829	0.006309	0.859621	-3	left
chr8	129959632	129970873	0cc5d2e2-127a-4a77-a413-8c90d1b7e5c9	129959627	129970878	rev	11241	1308	8828	0.017094	0.80057	0.009098	0.929694	-3	left
chr8	139732422	139742941	76dada49-83f8-49a5-ac97-00117aa45209	139732415	139744500	fwd	10519	2543	7729	0.009381	0.572233	0.044863	0.580624	-3	left
chr9	24403290	24409425	7e494da2-1407-48ef-9e42-d154a437de82	24403223	24410690	fwd	6135	1089	3698	0	0.196581	0.013793	0.776245	-3	left
chr9	98297969	98301925	3b1c7ebb-3d57-4f40-8d74-585bcb863e1e	98297963	98305555	rev	3956	1302	1939	0.034921	0.257143	0.082164	0.641283	-3	left
chr9	99132548	99146809	56f3369e-5dc0-4ce1-aa20-3ca35f52f19c	99131369	99148824	fwd	14261	1034	10179	0.008929	0.309524	0.007344	0.708384	-3	left
chr9	104614425	104625553	e6fa8e4b-6203-4fee-be87-f1128de27a6d	104606825	104634578	rev	11128	1914	6894	0	0.511797	0.01141	0.82702	0.181681	left
chr9	107017439	107025380	47ffc12e-86ab-4137-88e4-1f38506d995a	107017435	107028047	fwd	7941	3112	3072	0	0.184669	0.014066	0.650895	-3	left
chr9	117480953	117495916	0faa4818-74ad-42f1-a722-d54ec26fb514	117474830	117495921	fwd	14963	2143	11149	0.013953	0.669767	0.046149	0.664933	-3	left
chr9	126592284	126596633	e4a86196-9cf8-457c-9f67-7cec3fe8f53b	126592280	126599035	fwd	4349	1002	2857	0	0.230769	0.016238	0.537212	-3	left
chr10	10275622	10281814	d6e8e399-20d5-4b09-8555-64f390677f00	10275594	10287039	rev	6192	2182	3761	0.019262	0.613162	0.002985	0.734328	-3	left
chr10	29335462	29344975	15e4f83c-c44d-4aaf-b898-694f967299cb	29335449	29344980	rev	9513	5471	2893	0	0.297705	0.020966	0.748405	-3	left
chr10	41879200	41881885	2d5b85e4-9dfa-4236-951f-4b6fe2ef200b	41875103	41889896	fwd	2685	1479	1038	0.093878	0.526531	0.065693	0.642336	-3	left
chr10	41894748	41898446	1276f8ab-f5fa-486b-870d-e6298d49cc4f	41868704	41904172	fwd	3698	1404	889	0.003745	0.550562	0	0.774194	-1	left
chr10	41879893	41885215	0cda25fd-d6cc-493e-a9a1-08a470c02ae7	41875787	41892301	fwd	5322	678	2432	0.028302	0.528302	0.007143	0.539286	-3	left
chr10	41880536	41882948	e090b315-f9b9-460d-bd87-24c93c0092b1	41877294	41891012	fwd	2412	1183	579	0.031746	0.248677	0.196078	0.490196	-1	left
chr10	41886460	41891985	e069bf96-bb9a-4028-94ff-daffb9495af5	41878527	41910681	rev	5525	1964	502	0.014815	0.335802	0	0.61194	-1	left
chr10	41885776	41892295	b8d7d44c-392a-4af3-950a-fea1595b347f	41880803	41892301	rev	6519	2809	677	0.024664	0.470852	0.048	0.516	-1	left
chr10	41890132	41892475	44c3c2b3-ac54-494d-bb72-1ef31cbd544a	41881793	41895226	fwd	2343	1368	915	0.013889	0.465278	0	0.655556	-1	left
chr10	41891746	41907992	76377e34-0cdc-4164-b18d-685e7ec69cf9	41881487	41909961	fwd	16246	8901	6630	0.216531	0.324796	0.09427	0.528651	-3	left
chr10	41890523	41896588	d22d5ffc-1ba1-4f48-9f79-1a8c314d24d4	41883037	41900378	fwd	6065	1071	2232	0.013793	0.372414	0.019157	0.524904	-1	left
chr10	41895038	41901396	611a5672-38cf-4900-bb26-ef93fdf4404e	41884500	41911747	fwd	6358	2165	1040	0.047619	0.428571	0	0.938776	-3	left
chr10	41892550	41898037	d4cc316b-6854-4bf5-a755-b99bf864c743	41889350	41905432	fwd	5487	1834	1050	0.09697	0.5	0.032258	0.419355	-3	left
chr10	41900686	41903410	792adfd2-a9b2-450d-aab3-178d4e5ac9fe	41893512	41916263	fwd	2724	502	1099	0.282353	0.376471	0.038462	0.5	-3	left
chr10	41908168	41911481	792adfd2-a9b2-450d-aab3-178d4e5ac9fe	41893512	41916263	fwd	3313	726	1948	0.032258	0.346774	0.077586	0.45977	-1	left
chr10	41903681	41909372	409bf0c1-13e2-4ab5-b979-8a03477951c3	41903675	41912758	rev	5691	2652	1520	0.036346	0.740668	0.001905	0.542857	-3	left
chr10	42072930	42077590	b0bf3b2c-2423-48cb-b3c3-9118f71e3bdd	42069796	42080668	rev	4660	1712	2667	0.006202	0.634109	0	0.873518	-3	left
chr10	49830972	49839273	1335e7c6-87c3-4ad2-b18a-a3e2c3b4560a	49830963	49845421	fwd	8301	4315	3543	0.021222	0.594228	0	0.836016	-3	left
chr10	55910142	55912545	9af2a3e8-f98d-4594-986c-15a0737d61cd	55906381	55921498	fwd	2403	1120	585	0.117801	0.311518	0.030303	0.375758	-1	left
chr10	67643548	67656640	7394ae64-4a83-4edd-95db-1c4190c019cc	67643528	67659682	rev	13092	2421	8851	0.030504	0.549072	0.008425	0.899634	-3	left
chr10	78873967	78885723	1ec7c594-15d4-4ab3-ab97-b0255f1d1662	78873803	78885728	fwd	11756	1930	8128	0.004237	0.220339	0.012724	0.866164	-3	left
chr11	7971732	7978918	57b203f2-c8f9-4f4a-89d0-90a2e822545a	7971728	7982202	fwd	7186	2562	3131	0.011327	0.307443	0.001256	0.723618	-3	left
chr11	10766885	10772851	55bd9709-fa40-4437-a3c3-0f4ac5f981d3	10765781	10772859	rev	5966	1567	3420	0.002174	0.758696	0	0.957733	-3	left
chr11	42977568	42985752	6d21813b-2784-40af-8697-0ac289f448da	42977559	42986527	rev	8184	1538	4787	0.03913	0.584783	0.001285	0.955042	-3	left
chr11	73673614	73679730	09763430-d3dc-439c-843c-9e9d0f396f67	73671176	73680104	rev	6116	1211	4530	0	0.382789	0.007109	0.889415	-3	left
chr11	80954576	80963805	1dc68e43-7fc8-4677-8a9b-a17fe591b8b4	80952660	80967089	rev	9229	1306	6637	0	0.418539	0	0.886484	-3	left
chr11	104975454	104981952	7849fb17-e3bb-4935-9757-f125a4d18ee8	104973210	104985939	fwd	6498	1913	2935	0	0.430556	0.001269	0.838832	-3	left
chr11	116418235	116424738	e8718dc3-f231-49c2-981d-191f19b5f6e8	116418231	116424746	fwd	6503	1410	4685	0.075269	0.659498	0.001679	0.927792	-3	left
chr12	18971546	18981092	b52d7458-5fde-4052-a635-ed939737a8dc	18971541	18981099	fwd	9546	3896	5409	0.001821	0.574681	0	0.869841	-3	left
chr12	27320949	27325758	029c9cc4-8917-49f3-bebf-6548b0d054f4	27320942	27333311	rev	4809	2434	1915	0	0.638122	0.034539	0.810855	-3	left
chr12	29077173	29093009	e99052af-e671-4316-b3e8-e2cd062b878d	29075658	29094416	rev	15836	1766	13671	0.045375	0.588133	0.060361	0.591579	-3	left
chr12	44991217	44996808	fb0d0e03-d49f-4996-83af-a663ec31f2d8	44991212	44996814	fwd	5591	3542	1625	0.014829	0.401297	0	0.729787	-3	left
chr12	53074594	53081831	e3e4431d-02d2-4590-ba52-74dabf56b30c	53072959	53081835	rev	7237	3332	3290	0.004071	0.377205	0.046189	0.674365	-3	left
chr12	59517514	59522564	accfef09-9215-4ca6-a038-647d899a8fe2	59517508	59528977	fwd	5050	1485	3149	0	0.377729	0	0.7434	-3	left
chr12	65567848	65575333	3992a430-cdd5-484f-ade8-625859cef3f0	65567842	65575350	fwd	7485	1620	5167	0.016706	0.560859	0.023256	0.832558	-3	left
chr12	87322101	87326889	b05572f3-ed74-4e3a-a353-949c4e650139	87322091	87334421	rev	4788	2448	1969	0.001209	0.455865	0.00156	0.74259	-3	left
chr13	35789833	35797951	0fa2ad49-259f-4e3a-8737-12074b867fa3	35789475	35803041	fwd	8118	3182	4684	0	0.478029	0.026336	0.756003	-3	left
chr13	38214426	38218165	e3619a2d-50e6-4088-a9d6-6bbd2e3083f4	38214419	38225521	rev	3739	1784	1552	0	0.36255	0	0.750511	-3	left
chr13	44197845	44209316	569dd58e-a649-409e-8ef9-005e48261911	44196872	44215272	rev	11471	3688	7608	0.003198	0.651386	0.001924	0.893218	-3	left
chr13	50932075	50935338	fed3c8ec-d93f-4e5c-b583-9ae5691bf884	50922691	50943253	fwd	3263	1793	1058	0	0.196364	0	0.598101	0.594387	left
chrX	15792615	15798637	d6aa7e8c-98fd-4971-9f85-340d1820635e	15788763	15798643	fwd	6022	1002	4547	0	0.282353	0.009085	0.902166	-3	left
chrX	36439852	36444359	c564bd26-5304-4b0b-b773-cda384cbcf53	36437671	36444365	fwd	4507	1281	2973	0.035135	0.672973	0	0.888166	-3	left
chrX	129462283	129477227	3e0dd996-7522-427c-a4af-8e4c3b761c93	129456928	129493497	fwd	14944	2695	11895	0	0.698479	0.018824	0.695048	-3	left
chrX	129762530	129776541	cfbb99e4-ad13-4b37-8a4b-f8b3e1c9cfcf	129760987	129776547	fwd	14011	1488	9377	0	0.558333	0.047812	0.635544	-3	left
chrX	147228836	147235326	a6311489-2db4-49f7-97fe-ff2cd8ce6126	147228829	147236968	fwd	6490	2503	2657	0	0.304104	0.030265	0.770492	-3	left
chrY	56826394	56832955	9bbe7047-bc18-49b2-a04a-453dcf92616d	56825774	56839551	fwd	6561	2606	1641	0.014667	0.322667	0.013208	0.630189	-3	left
chr1	4094095	4097109	cfca1aee-21f5-4454-9024-95693bec59c2	4080633	4097117	fwd	3014	1315	1683	0	0.419512	0.010309	0.68866	-3	right
chr1	17915276	17919135	2d744a2c-0875-4f44-9f56-5271fe87be2d	17911012	17923765	fwd	3859	1162	2212	0.028125	0.378125	0.005093	0.736842	-3	right
chr1	20655327	20660535	ed01006b-1fd4-411e-a5b9-fa0b57d047b4	20653154	20660541	fwd	5208	2648	2293	0.001721	0.316695	0	0.826715	-3	right
chr1	68067468	68072323	403f9c31-a452-41cc-9036-7c0e4cd9f169	68062168	68072420	fwd	4855	2110	1032	0.001272	0.33715	0.015119	0.475162	-3	right
chr1	82115727	82124597	8b95ac74-703a-4577-9dc6-a7537a605b71	82109356	82126317	fwd	8870	1667	5295	0.013123	0.511811	0	0.866667	-3	right
chr1	92235613	92245676	811d94e4-cf44-44ef-bd03-450b3cab67b6	92235607	92245686	fwd	10063	3039	4897	0.056083	0.675582	0.003916	0.898825	-3	right
chr1	96732931	96744345	042d4a44-baaf-42f5-9d80-3fbbfe3b30d8	96725175	96744559	rev	11414	5889	3762	0	0.392421	0.007136	0.811417	-3	right
chr1	98424724	98430334	64b96649-95d2-4715-8a78-4b1c9fa6f20c	98422921	98430340	fwd	5610	2659	2179	0	0.634434	0.045741	0.709779	-3	right
chr1	113725817	113731472	6060e963-d832-41b0-a6e8-bde1281b1e57	113722164	113731478	rev	5655	3758	1514	0.027314	0.566768	0.015209	0.63308	-3	right
chr1	143203068	143209322	193bf75f-0e1c-44c6-8fca-408e237b3036	143200062	143221953	fwd	6254	4056	2198	0.060465	0.534884	0	0.461538	-1	right
chr1	143212230	143220898	2b6ba241-036b-44b3-a456-b022f57bd4da	143212223	143222285	rev	8668	7563	1105	0.043103	0.408215	0	0.37156	-3	right
chr1	143218702	143223403	1175b148-7b5f-4b1f-8fbe-6319b8ae4dac	143213022	143233430	fwd	4701	759	3942	0	0.727273	0.084444	0.593333	-1	right
chr1	143228695	143233425	1175b148-7b5f-4b1f-8fbe-6319b8ae4dac	143213022	143233430	fwd	4730	1350	1726	0.2	0.317647	0.076125	0.67474	-3	right
chr1	153590382	153598268	6564ea28-8596-4ad6-816d-eac7a67100af	153585697	153598281	fwd	7886	2764	4837	0.006645	0.594684	0	0.856006	-3	right
chr1	157204174	157213330	2ca7371f-320c-41a7-80ed-97aea83ea601	157202478	157213335	fwd	9156	3899	4196	0.001031	0.751546	0.037259	0.835662	-3	right
chr1	163766522	163773450	77d33aea-cfb2-4bc8-a9e1-612a1647a586	163759633	163773492	fwd	6928	1119	3086	0.009646	0.379421	0	0.788509	-3	right
chr1	172245595	172254087	f90c98c6-bc8f-4c8b-93bf-b78d4267992e	172244450	172254093	fwd	8492	5188	3026	0.011236	0.460013	0.00398	0.81393	-3	right
chr1	174750688	174759921	f200e264-5b2e-496f-8cd2-5f52b5078502	174746300	174759930	fwd	9233	2555	6392	0	0.45892	0.002063	0.813822	-3	right
chr1	188192112	188197366	7d125b6c-5626-493b-ab94-999c7ac19e75	188191182	188201250	rev	5254	1010	1289	0.093583	0.342246	0	0.518957	-3	right
chr1	198718698	198724281	f9a3d4ee-63eb-4f9e-b936-7d020caba97f	198716373	198727319	rev	5583	1806	3142	0	0.246285	0.006466	0.707974	-3	right
chr1	213434891	213440115	7c736c02-81e8-423f-8126-3637b57ef9de	213429845	213440131	fwd	5224	1807	2610	0.051799	0.366906	0.010917	0.718341	-3	right
chr1	228984672	228991171	8691d307-4914-4910-a37a-adb74e857e30	228976492	228991186	fwd	6499	1550	4198	0.003175	0.396825	0.018868	0.6404	-3	right
chr1	233917794	233927963	ea09923d-397d-4b75-ba4c-5bb14eaba788	233913968	233928095	fwd	10169	1219	8527	0	0.207895	0	0.84378	-3	right
chr1	238380686	238396513	3618b41c-9ac0-45f1-b1f3-e9e0119516e7	238377968	238398392	fwd	15827	2838	11337	0.001203	0.462094	0.014136	0.846036	-3	right
chr1	246767535	246773109	7cf623f5-c4eb-4702-a322-122e829b2db0	246767528	246773803	rev	5574	3722	1086	0.008055	0.326812	0.029412	0.448529	-3	right
chr14	42227863	42237297	2990ab42-5bb2-4f7e-b751-9dd3996393a0	42222362	42237305	fwd	9434	1111	3886	0.008021	0.278075	0	0.856	-3	right
chr14	52325534	52333624	e1cef370-492d-43ea-855a-f7b2f9fc3a73	52324568	52335679	rev	8090	3198	2961	0.004376	0.539387	0.001266	0.906329	-3	right
chr14	59178655	59187052	f2b079ba-d6d1-43aa-9bfa-3a79abbdd6ff	59176771	59187059	fwd	8397	6581	1262	0.037817	0.340357	0.048649	0.802703	-3	right
chr14	99988116	99992396	7e5aeca6-56f2-4e28-a28a-2c1f0e4e80f3	99983373	99992406	rev	4280	2074	1102	0	0.276667	0.013201	0.531353	-3	right
chr15	35272113	35278876	811109bf-1c4b-402c-8f65-58882665e0d2	35272105	35290838	rev	6763	2317	1330	0.006443	0.476804	0	0.849727	-3	right
chr15	43381662	43388493	9c9b9b4e-ec23-46b6-834a-bf7441856239	43381658	43388503	fwd	6831	1026	4380	0	0.412162	0.004223	0.902027	-3	right
chr15	55756226	55764617	bcb18a6d-26a3-44f5-b80a-e42499eae1d5	55756222	55764635	fwd	8391	1168	6336	0	0.268571	0	0.881834	-3	right
chr15	71269511	71281339	37c6eb16-b112-40ce-98fb-c3704403def0	71268572	71281390	fwd	11828	1814	9503	0	0.557562	0.004547	0.885563	-3	right
chr15	72584968	72590649	6ead605c-7b3d-4531-aa92-251f08230577	72582996	72590660	rev	5681	3048	2200	0.007101	0.265089	0.015491	0.703959	-3	right
chr15	78664332	78676168	7a0fb5fa-af98-415a-9ab8-7989a8822af2	78659427	78676181	fwd	11836	2285	9234	0	0.324866	0.013636	0.826818	-3	right
chr15	79496220	79503273	41ab24fe-2332-4f73-a501-318afb38cd2d	79490266	79503279	fwd	7053	1269	5447	0	0.452532	0.057404	0.660796	-3	right
chr16	21716905	21726245	769a7437-0698-4ce4-b7ec-90c763e57bfa	21701393	21731448	rev	9340	2602	4236	0.021812	0.47651	0	0.802703	-3	right
chr16	46384945	46389339	dedaee74-ebc4-44fa-b1ca-96c4f33d9654	46383095	46405953	fwd	4394	1181	1654	0	0.261603	0.029973	0.384196	-1	right
chr16	46383412	46391951	c3d770d0-2e5e-46e3-b112-54e4642c5ca8	46383407	46392500	rev	8539	2262	5805	0.087248	0.675168	0.002458	0.932153	-3	right
chr16	46388208	46397299	d7e49fb9-67ca-462d-bbd3-a0c189d02133	46384115	46401327	fwd	9091	1298	6631	0.006623	0.360927	0.026549	0.454277	-3	right
chr16	46388350	46394211	9905319c-c85e-4c1a-9915-7a70f2611935	46384158	46400636	fwd	5861	1184	3005	0.011321	0.350943	0	0.138889	-3	right
chr16	46387718	46396248	75474515-1f22-4d50-9974-6fcf4abc68aa	46385624	46400636	rev	8530	6511	1045	0.026432	0.6	0	1	-1	right
chr16	46389451	46397299	3bf6c3f4-01db-47e1-acf5-87a0b33d40fa	46386469	46400682	fwd	7848	2280	2317	0	0.371542	0	0.6	-3	right
chr16	46387309	46396612	cc937f93-59bf-4313-abd2-74bf6ec27c68	46387304	46403452	rev	9303	6901	1609	0.046278	0.274983	0	0.361111	-1	right
chr16	46387397	46392675	d0a6557a-4255-4494-baa3-3994a8cbd40a	46387385	46401758	rev	5278	2098	1535	0.087143	0.422857	0	0.742857	-1	right
chr16	46388587	46394254	ee6af0d2-e9cf-4c09-a801-2bf29096a074	46387648	46404819	rev	5667	1021	3260	0.148036	0.404834	0	0.838462	-3	right
chr16	46393249	46398495	b5ddc150-8a3f-4777-a4fb-c44d74ee18e3	46388787	46401042	fwd	5246	4050	1196	0.061697	0.44473	0.009524	0.295238	-3	right
chr16	75651710	75656334	341a089d-6edc-48dc-85e4-fe57aed11be6	75651701	75660170	rev	4624	1787	2543	0.008065	0.572581	0.002853	0.704708	-3	right
chr16	83925078	83930609	bde318ea-562b-4a73-ba93-101e49c576ef	83915128	83939760	fwd	5531	2024	2275	0.015982	0.353881	0.027184	0.67767	-3	right
chr17	5299328	5309792	d65fd61e-e103-4def-8e6c-5b6599a45a5e	5299314	5309801	rev	10464	2421	5702	0	0.523726	0.014402	0.902317	-3	right
chr17	45987006	45990441	ba3777e4-df9c-467f-9327-86a688c38134	45980773	45990446	fwd	3435	1179	1746	0	0.322476	0	0.675258	-3	right
chr17	63174896	63185332	67c2a630-b65d-434a-9053-b0a4e1d83544	63173511	63185341	fwd	10436	7085	3097	0.005842	0.377589	0.006515	0.795874	-3	right
chr17	78683787	78688812	87f64cc0-1a87-4c29-94e5-c6d6021fd48f	78681872	78688816	rev	5025	1456	3219	0	0.456522	0.017687	0.82585	-3	right
chr18	5602380	5607815	bbfa718d-58da-4462-81ac-7c8a5f571a19	5599781	5611957	fwd	5435	3537	1648	0.007007	0.51952	0	0.56875	-3	right
chr18	6215457	6222080	c2a57df3-e65a-4706-8e81-477d2c66f4b0	6212187	6222088	fwd	6623	1034	3486	0	0.23676	0.004651	0.874419	-3	right
chr18	6650944	6655030	362d427a-6716-4cd4-83ba-e31378e15571	6639322	6655041	fwd	4086	1039	2629	0	0.25256	0.001445	0.553468	-3	right
chr18	8743520	8752808	51228dcb-deed-4c38-964d-2a3ef7f7cd48	8741384	8752817	rev	9288	5881	3129	0.007524	0.345372	0.010855	0.679783	-3	right
chr18	39630812	39636011	1b09f00c-43a1-4844-968d-4beaef9aeb78	39626355	39636019	rev	5199	2083	2344	0.018416	0.596685	0.099424	0.690202	-3	right
chr18	56194153	56204967	ae2bebc2-aa02-4db9-b417-6a27616c7531	56194014	56204973	rev	10814	1133	9374	0	0.505976	0.000693	0.878378	-3	right
chr19	3376714	3385811	080a8fce-89b1-495c-a91d-ac32feaa4702	3376705	3386543	fwd	9097	1680	5822	0.045894	0.42029	0	0.862775	-3	right
chr19	17347186	17351288	b20edb31-9573-430f-886f-795fcad7f0bd	17346207	17353384	rev	4102	1319	1009	0.132258	0.290323	0.016854	0.398876	-3	right
chr19	24092066	24098660	7b7c55e6-e12b-44dc-b288-b86206baa3f7	24092058	24099778	fwd	6594	2135	4090	0.065868	0.803593	0.009993	0.902065	-3	right
chr19	49535389	49540072	773869cf-09d2-4981-af9a-0bb47c5fcd07	49525882	49540084	fwd	4683	2010	2128	0	0.371482	0.010969	0.515539	-3	right
chr2	7729785	7738034	33bc3275-f1d7-4f32-9e85-f02c47b2b35e	7729540	7743505	rev	8249	1011	5729	0	0.239437	0.022624	0.775695	-3	right
chr2	18601263	18607213	36636865-7960-4e96-8f25-662ca4b9ad2d	18599740	18607220	fwd	5950	1069	4507	0.002584	0.426357	0.011128	0.76632	-3	right
chr2	21151413	21156813	d7ac2018-0820-4276-9f77-3200f36c54d3	21142807	21164345	rev	5400	1025	3923	0	0.256039	0	0.777514	-3	right
chr2	22656729	22667599	1e26236b-e894-4ec9-abdb-8d76b402d264	22653650	22667830	fwd	10870	2034	7194	0	0.276265	0.00428	0.815026	-3	right
chr2	24604099	24615221	aedd90d6-bdd7-4d21-a204-a8a7a156f210	24602724	24615226	rev	11122	3575	5283	0	0.440987	0.011556	0.704	-3	right
chr2	69464905	69473549	883b63d3-e36b-4eb6-8146-908ee6783537	69464899	69473554	fwd	8644	2672	5672	0	0.493921	0	0.888334	-3	right
chr2	89831953	89839704	901c9d25-cb60-4fd9-8716-7ca2e4d32f7c	89831946	89843756	fwd	7751	1752	3726	0.005747	0.653736	0.019337	0.457182	-3	right
chr2	126439909	126446386	70ee0bfe-393b-4738-a4c2-46bf1f27d6d9	126439899	126447090	fwd	6477	1029	4067	0	0.382445	0.000945	0.864839	-3	right
chr2	132591780	132602277	f0ec5ca8-bac6-4dcd-b41e-b826cce93847	132591740	132603718	rev	10497	3066	4852	0	0.332544	0	0.835192	-3	right
chr2	164610512	164618889	d8516cbc-9aff-40ad-9ef7-a2e7e4b66071	164607437	164619626	fwd	8377	2910	4312	0.010088	0.476671	0	0.84846	-3	right
chr2	178408272	178410715	5d0b14cc-459b-440f-b93f-2fb60e26bb12	178402984	178413689	fwd	2443	1110	1074	0	0.357895	0	0.77305	-3	right
chr2	187491178	187502431	37a55fa2-0f8a-4356-b353-019cf8b214d8	187489674	187502438	fwd	11253	2044	8081	0	0.434383	0	0.908403	-3	right
chr2	192780604	192789411	34aa6a3d-1b48-4d7b-bb8c-10e225704d64	192775979	192789531	fwd	8807	1148	7163	0	0.230964	0.006351	0.79873	-3	right
chr2	215946534	215957503	7f672291-151e-4649-a7ac-c5ddac239cfa	215946196	215957523	fwd	10969	2115	8425	0.032864	0.558685	0.016935	0.89178	-3	right
chr2	226700507	226708729	b4e64599-cc99-4875-acc8-c5a4ad1eac50	226700500	226708733	rev	8222	1152	3082	0.16726	0.501779	0.001115	0.921962	-3	right
chr2	231017957	231021130	6694c13d-96ac-4b41-8da5-92e0ce98dda1	231013118	231021138	fwd	3173	1861	1033	0	0.327684	0.013289	0.76412	-3	right
chr20	11129505	11139612	c3b5a2e2-5605-4f91-8cd2-101f93fcfddb	11129497	11139786	fwd	10107	1106	6902	0.01773	0.379433	0.003413	0.916138	-3	right
chr20	13703803	13714591	9c3cff24-971c-4c8d-8214-4b6bea190184	13694393	13717325	rev	10788	4472	4022	0.025246	0.668719	0	0.908055	-3	right
chr20	31063412	31068592	0ee802b6-c9a8-43c6-92f3-14992ebc6d44	31055289	31068598	fwd	5180	2135	1573	0.055556	0.456522	0.010417	0.534722	-3	right
chr20	31060677	31067538	733c9c35-3438-4055-bad8-754c12a0e631	31056967	31071474	fwd	6861	2590	1073	0.102088	0.37587	0.057592	0.544503	-3	right
chr20	31063812	31068028	b80d9651-a291-4c2b-af4a-5f12f5eabf2c	31062709	31071997	fwd	4216	1775	1144	0.029412	0.457983	0	0.406593	-3	right
chr20	31066284	31069870	d34b4690-21f8-4bba-a863-8b67b263e57c	31063974	31076455	rev	3586	1289	1387	0.151927	0.451247	0	0.541667	-1	right
chr20	35788290	35796336	f09b651c-78e7-492b-83fb-59670be980b7	35782800	35796341	fwd	8046	2881	4325	0	0.781654	0.079073	0.683706	-3	right
chr20	42031666	42035067	fadd3513-29c3-41ba-ac03-e3cddab11b8f	42023835	42035072	rev	3401	1760	1176	0	0.278409	0.024138	0.610345	-3	right
chr20	45866799	45873824	8404b65f-39dc-4dd3-8107-35c942ad6c9d	45864276	45873828	rev	7025	4286	2502	0.009599	0.265271	0.032129	0.8166	-3	right
chr20	60533337	60540553	0d333854-2492-4915-9fde-7c2a9be01520	60531552	60540557	rev	7216	1099	5677	0	0.203822	0	0.809679	-3	right
chr21	10656666	10660056	925e7a09-4810-495d-af30-8a649f1a46cf	10656498	10672306	rev	3390	1225	1065	0.023166	0.401544	0.008734	0.480349	-3	right
chr21	14131737	14142609	c22fc3e5-bc04-48c8-8f22-52a38a2252d7	14131332	14142613	rev	10872	2845	5361	0.054348	0.585284	0.030512	0.833621	-3	right
chr21	16753937	16760411	9c922d3d-1cdd-420d-a691-7a18e8b2658a	16753243	16765176	rev	6474	1397	4805	0	0.497706	0.001119	0.888081	-3	right
chr22	10707718	10714364	9f101ffd-d1a9-4c89-87bf-a205bfc07bd9	10707713	10721203	fwd	6646	2369	2249	0	0.608983	0.019006	0.847953	-1	right
chr22	19188866	19196451	e6b3d2ae-c957-49b6-a61f-bc6ac5d95bf0	19186796	19196458	fwd	7585	3618	3583	0.014614	0.495825	0.015827	0.840288	-3	right
chr22	19769221	19774685	f1d01f16-9686-421f-b55f-209de81d5a21	19763950	19774691	rev	5464	1671	3380	0	0.385621	0.018182	0.692308	-3	right
chr3	14436733	14444633	b3795908-6d71-4e6b-bc75-e769afa2222f	14433297	14444643	rev	7900	2501	3982	0	0.638026	0	0.878229	-3	right
chr3	24621304	24625160	5eedf4ab-3369-453b-a3be-4685c942be1f	24620105	24625167	fwd	3856	2147	1376	0	0.54732	0	0.778539	-3	right
chr3	30802916	30812164	b4d74482-6e6a-4395-b120-83e4929d5b9c	30798731	30812545	fwd	9248	1435	7352	0	0.286802	0.013969	0.701349	-3	right
chr3	35419241	35425807	28a8beea-54bf-41fa-929e-f094f958a2ea	35419233	35427432	rev	6566	2646	1847	0	0.56674	0.001698	0.925297	-3	right
chr3	39684053	39687593	5d2a50a5-13dc-47c5-a55b-410e375642fa	39678254	39687599	rev	3540	1187	1914	0	0.444444	0.013631	0.802974	-3	right
chr3	53293865	53301447	6be7721a-a0e9-47d6-8995-4e5f8ea93567	53287771	53301602	rev	7582	1447	5789	0	0.367609	0	0.863838	-3	right
chr3	78556123	78567487	8e01a479-4612-4146-bb34-34fdf6de396e	78554930	78570027	fwd	11364	1272	9850	0.005249	0.422572	0.007166	0.800326	-3	right
chr3	84384105	84396235	7654f9fa-8f1f-4c63-9eb0-f73640e64d6e	84381443	84396245	fwd	12130	3543	6291	0.006114	0.722271	0	0.878885	-3	right
chr3	100620191	100624827	7cdf358e-e12c-478c-ba67-f6c52fe8a85d	100612980	100624832	fwd	4636	1492	2780	0	0.345455	0.006648	0.765432	-3	right
chr3	118003693	118008303	396c6b0b-135c-4d70-8dbb-471b94d9182d	118001477	118008312	fwd	4610	2154	2154	0	0.5	0.003488	0.801163	-3	right
chr3	131212050	131217454	d54e22b2-6682-4ae1-bddc-a96c8da27762	131207979	131217459	fwd	5404	2407	2486	0	0.408104	0.073955	0.705788	-3	right
chr3	151185405	151189792	1d03add8-06a1-4f82-a454-31c61e39269b	151168983	151189799	rev	4387	1036	1376	0	0.222951	0.025281	0.702247	-3	right
chr3	153325219	153335581	f9529ea0-9961-4b94-9a80-d567e51546df	153313738	153335590	fwd	10362	3374	6623	0	0.325913	0.018145	0.766633	-3	right
chr3	154753017	154766743	3dae7a50-d07d-4310-9ac4-26ad679bc85c	154753012	154766809	rev	13726	1488	9435	0.149371	0.525157	0.001887	0.915849	-3	right
chr3	159887923	159893894	edac4f66-b1b3-4ef4-8168-5cdc0f6ede35	159885981	159894500	rev	5971	3026	2541	0	0.325456	0.043091	0.762259	-3	right
chr3	160175881	160181042	b374f379-9464-4e8d-99fd-33faf45c8182	160171098	160181112	fwd	5161	2266	1168	0.056716	0.443284	0.059375	0.625	-3	right
chr3	166258274	166263907	4465afbd-5e70-46a4-b942-4027ae693cab	166257039	166268638	fwd	5633	1015	1027	0	0.267677	0.044828	0.537931	-3	right
chr3	175611932	175619744	81e91fbd-fdfe-4c82-8d88-d299828e216e	175605166	175619757	fwd	7812	3762	3651	0.015451	0.733906	0.027368	0.806316	-3	right
chr3	182855262	182876461	99a35cd7-3326-4344-b5ca-964ff7d95bce	182855251	182876644	fwd	21199	2787	18026	0.005875	0.46181	0.049603	0.618056	-3	right
chr3	186031835	186037174	1cc2e156-3daf-4e9b-b5ae-b37d768775ea	186031830	186040189	rev	5339	1000	1708	0	0.458015	0	0.959911	-3	right
chr3	188973140	188982632	1f25cf5e-dffb-4a04-a33a-66000250f856	188970382	188983279	fwd	9492	1768	7486	0.055985	0.438224	0.005218	0.863852	-3	right
chr3	189941059	189948196	f92309e2-1b1a-4cc2-ba0a-ccb5b8dac268	189941055	189948202	fwd	7137	4988	1830	0.00218	0.427326	0	0.786177	-3	right
chr4	1406720	1411289	b9392224-b8ed-4b5d-a37f-cd8c3dcbf9ed	1403451	1411294	fwd	4569	1933	2008	0	0.198251	0.008264	0.630854	-3	right
chr4	25702828	25713354	e76aeafa-e6e5-47c2-aeeb-9b03efc07b20	25702822	25713358	rev	10526	1373	7545	0.027864	0.563467	0.05135	0.644786	-3	right
chr4	35834987	35838135	3c99e7ac-c5f9-4c01-a8ee-b60e5fd5f5dd	35832192	35838142	fwd	3148	1642	1141	0	0.316667	0.03886	0.603627	-3	right
chr4	45121951	45135958	a39c40de-d146-4698-acc4-b7069ff67223	45121934	45135963	fwd	14007	1628	12092	0	0.553156	0.037135	0.693969	-3	right
chr4	49095291	49102885	6f86403d-ed0d-4d9e-aac9-730b3979504d	49091231	49104211	rev	7594	3777	1453	0.104101	0.392744	0.004695	0.488263	-3	right
chr4	49096313	49102456	748e28e9-dba2-4504-835b-0a1b0cbe9063	49091580	49102933	fwd	6143	1317	4386	0.185714	0.554762	0.028667	0.679333	-3	right
chr4	49104736	49111372	723e2090-b131-4302-8692-118868d60bbd	49099116	49112137	rev	6636	1000	1506	0.095652	0.469565	0.020408	0.622449	-3	right
chr4	49106310	49111472	7f810679-4681-4471-a3fa-78b2c0c28e02	49106305	49114033	rev	5162	1125	1014	0.063584	0.306358	0	0.530387	-3	right
chr4	49150625	49152527	d51541e7-3790-4277-a351-393f1ec2a5c5	49143801	49156884	rev	1902	819	519	0.052632	0.464912	0	0.454545	-1	right
chr4	49151374	49153998	d08c3943-301d-44ad-ab11-be946ba595d7	49147652	49166764	fwd	2624	1362	573	0.106236	0.411085	0.004505	0.720721	-1	right
chr4	49631972	49639945	c96d0768-ce36-4a01-a29b-069c4458a1e1	49631297	49655135	fwd	7973	1259	2107	0.047619	0.466667	0	0.606557	-3	right
chr4	49639406	49642861	123441ea-8b48-4ea9-b39d-7a0dd3b86fed	49634968	49649043	fwd	3455	539	2916	0	0.434783	0.043011	0.55914	-3	right
chr4	67983024	67995870	af1fced0-056b-44c4-b550-c7e0e0be7204	67978903	67997203	fwd	12846	1538	11010	0	0.443277	0.044152	0.664035	-3	right
chr4	102028286	102033948	6ad2b8ab-2952-4171-b631-aff89aae5b4e	102026438	102033953	rev	5662	1755	3110	0.088448	0.557762	0.023202	0.803944	-3	right
chr4	115095469	115104377	294916d4-8e4a-4fb9-9bf2-200ce6c33eae	115093477	115104383	rev	8908	5068	2596	0	0.393631	0.018226	0.806804	-3	right
chr4	146643401	146657411	51f2e6bf-5e43-4dde-bd22-f42b81ad8d6b	146643397	146659142	fwd	14010	3178	8444	0.011259	0.840328	0.00129	0.967756	-3	right
chr4	187315506	187319430	52a22c28-f0bc-4640-857f-919d2df3bd3c	187312614	187319437	fwd	3924	1150	2226	0	0.410095	0.005976	0.715139	-3	right
chr5	7964496	7971986	d44d7c46-1a97-4492-909b-f5e18784aead	7964490	7972089	rev	7490	1143	4350	0	0.583082	0	0.899623	-3	right
chr5	21811168	21817004	8c01152f-6ea8-44ab-ac85-3af48dbbbd5b	21808136	21817012	fwd	5836	1181	4104	0	0.266344	0.000786	0.824823	-3	right
chr5	27880472	27886498	d2c24f64-a5b4-4bde-9999-1000b59fdbac	27879215	27886505	fwd	6026	1792	3608	0	0.373313	0.033837	0.676026	-3	right
chr5	44424915	44440532	4280ca76-5f3b-466b-85b4-d6f261f7daab	44424824	44441894	fwd	15617	2956	11686	0.003049	0.333333	0.000873	0.898399	-3	right
chr5	80853492	80863799	970ec156-4fcc-4004-bfc4-9a78e54580eb	80852538	80864606	fwd	10307	4039	5577	0.004944	0.532486	0.002648	0.927436	-3	right
chr5	161593155	161602276	9cb2a2b7-af8b-4ddd-8dc8-cd00b8839dad	161589701	161604140	rev	9121	1898	6796	0	0.444138	0	0.861443	-3	right
chr5	173169025	173181213	5e792145-bf56-472e-9fa5-f759dc702a01	173169002	173182304	fwd	12188	4408	4872	0.000782	0.425332	0.00084	0.848739	-3	right
chr5	173190451	173198630	eb760fe6-419e-40b0-9675-e94d33ac708e	173186148	173198635	fwd	8179	1017	5323	0	0.228571	0.010492	0.589992	-3	right
chr5	176342764	176348123	75b8dd85-cd15-46bf-811e-73fd206d43f9	176336320	176348129	fwd	5359	1508	3103	0.065041	0.371951	0.018868	0.699371	-3	right
chr5	180525331	180530969	9a58a825-8f7e-4497-a1f1-62019fe81629	180523574	180530982	fwd	5638	2027	3029	0	0.309259	0.001105	0.769061	-3	right
chr6	13825681	13828931	38a1b098-3ba1-43df-9217-5f7ce1090a99	13812869	13829451	fwd	3250	1132	1234	0	0.247761	0.033898	0.518644	-3	right
chr6	46774843	46783066	3b4e2994-19b8-4c45-8a9c-77bbaa53dcf0	46774833	46783075	rev	8223	2734	5221	0.008264	0.615702	0.021433	0.877526	-3	right
chr6	54549904	54557471	f793795d-0a58-45ae-b35b-b59bee910a01	54543522	54558222	fwd	7567	2017	4559	0.072435	0.488934	0.013641	0.727177	-3	right
chr6	79716154	79720507	3e0d70fe-bd0e-4d56-87ea-d05258415ab2	79711357	79720516	fwd	4353	1614	2410	0.012531	0.431078	0	0.853731	-3	right
chr6	90804371	90814151	f8d07dfc-39b5-42fd-8b5d-d2bb60111bc4	90797651	90814156	fwd	9780	1274	8136	0	0.263403	0.024806	0.618605	-3	right
chr6	136517448	136529006	fe4cae3e-4ce8-41ad-917e-ed2e6efe9925	136515535	136531526	rev	11558	1312	9680	0	0.464286	0.003771	0.829277	-3	right
chr6	141006331	141012381	427b3670-4514-4169-8655-1d2c036e36a4	141006326	141015298	rev	6050	1337	3953	0	0.481481	0	0.930567	-3	right
chr6	155421677	155429543	fd0a708e-a2ab-4c47-9411-3ccf97e023cd	155417171	155429553	fwd	7866	3514	4036	0	0.648148	0.05764	0.706313	-3	right
chr6	155756173	155764471	c81fe245-de98-4009-9fab-d89e41eb6f3b	155752925	155764520	rev	8298	2252	5737	0.004219	0.527426	0.028555	0.657339	-3	right
chr7	3217399	3226690	dec1adc0-2f2e-4e0a-ab9f-8165448ba375	3213788	3226694	rev	9291	5885	2957	0.013682	0.407496	0.026107	0.861521	-3	right
chr7	35823643	35830893	5f1ebea1-3a3f-4f34-a5a3-77c20b3a4dfd	35822233	35830898	fwd	7250	4014	2892	0.000684	0.353867	0	0.717136	-3	right
chr7	39819040	39823708	d03edc38-1bcd-4b26-9e16-314107071eca	39816827	39823714	fwd	4668	1407	2543	0.075377	0.467337	0.075871	0.774876	-3	right
chr7	57590799	57605571	88d7fdae-9506-4f24-80db-8040748ddf56	57589922	57605577	fwd	14772	1627	12886	0	0.610169	0.054945	0.674772	-3	right
chr7	98581297	98587984	5d75294f-caba-4ce1-9264-e2ed6fb4a875	98581292	98589372	rev	6687	1125	1197	0.019499	0.37883	0.003636	0.6	-3	right
chr7	102384643	102391106	139095d4-3cc8-4365-af62-ad3b95b0dee2	102381687	102393205	fwd	6463	1939	4235	0	0.598712	0	0.850049	-3	right
chr8	40969122	40977231	e7f349da-3001-437c-baac-70719a418d2c	40969117	40977239	fwd	8109	4473	3316	0.00455	0.55323	0.019729	0.758323	-3	right
chr8	49046036	49050076	eef0f949-f0c2-4fc3-9ed7-5a88b8a27371	49043578	49051648	rev	4040	2029	1726	0	0.513347	0	0.6621	-3	right
chr8	58922665	58926203	8d2ee18e-fec3-4b1e-950c-dff02c639020	58920520	58926208	rev	3538	1639	1587	0.004283	0.462527	0	0.909314	-3	right
chr8	61183777	61190290	c20b4898-522e-4c9c-9ee5-693b2c2af654	61178403	61194656	fwd	6513	2118	4158	0.013605	0.744898	0	0.817097	-3	right
chr8	68590001	68601382	adf303f8-6f7f-4b1a-aa39-731b3a0d3943	68587799	68601974	fwd	11381	1162	8268	0	0.632743	0.004044	0.896528	-3	right
chr8	79467376	79473931	41f392a7-e20a-4f95-ad48-bf2a5db0a650	79467371	79477804	fwd	6555	1170	2655	0.017544	0.584795	0.006812	0.831063	-3	right
chr8	96806317	96816060	6f5a68ce-66fd-4ca9-9826-0e6d87239d7d	96806313	96817128	fwd	9743	3090	6230	0.016304	0.665217	0.037887	0.865528	-3	right
chr8	103406634	103413386	a1715d6b-3dfa-4453-b9fd-6d44c915a31b	103406628	103413395	rev	6752	1394	4926	0.077088	0.730193	0.042766	0.830364	-3	right
chr8	105524586	105529974	01021746-afcf-4d98-b161-f5c5fe1b749d	105520030	105529991	rev	5388	1015	3743	0	0.435424	0.030097	0.71068	-3	right
chr9	5891083	5894915	58295669-d14f-4a31-9a1d-010bbfe1e2db	5882846	5894920	rev	3832	1036	2355	0	0.198502	0	0.756757	-3	right
chr9	17202157	17209311	8fbf27d5-bda0-41a7-be89-1eb525954ab6	17198122	17209321	fwd	7154	2455	3283	0.027778	0.319444	0.007589	0.749578	-3	right
chr9	28817025	28826053	56ba7d3d-b0f4-4a96-926a-36427053e07f	28813036	28826356	rev	9028	1621	7080	0	0.532051	0.047962	0.734772	-3	right
chr9	70486465	70491248	cab5c077-2f03-4b3e-bf9a-bcebd6164902	70480218	70491372	rev	4783	1592	1853	0	0.321429	0.057471	0.577011	-3	right
chr9	90508253	90517575	661dcca8-58b6-408e-bafd-0e9eb7eb9cad	90501181	90518457	rev	9322	1399	7338	0.118765	0.332542	0.008377	0.819665	-3	right
chr9	120403404	120408993	771f84ae-c5bd-49ec-bedb-aa25bf859d3d	120397757	120408998	rev	5589	3799	1153	0.001921	0.324688	0.031373	0.564706	-3	right
chr9	129046540	129052695	1e543763-9bd1-4b75-aa10-8f1c16fc25b4	129044146	129052972	fwd	6155	2807	2263	0.002766	0.273859	0.066869	0.609422	-3	right
chr10	12825847	12831402	cc581710-f8eb-496f-a6f5-e27d239d92a7	12824112	12831408	rev	5555	1074	3835	0.064777	0.259109	0.035408	0.751073	-3	right
chr10	20849434	20859717	2738ac92-4a5d-40c6-89b4-b43badac913b	20849355	20859725	fwd	10283	2119	6205	0.001546	0.686244	0.006333	0.867012	-3	right
chr10	41857574	41863449	46bb99ca-1810-454a-9c78-d3928aa1e389	41856987	41865926	rev	5875	1264	1708	0.201531	0.637755	0.102941	0.713235	-3	right
chr10	41874938	41894748	1276f8ab-f5fa-486b-870d-e6298d49cc4f	41868704	41904172	fwd	19810	18922	888	0.166667	0.358095	0	0.677419	-1	right
chr10	41885215	41890503	0cda25fd-d6cc-493e-a9a1-08a470c02ae7	41875787	41892301	fwd	5288	679	2351	0	0.54717	0.036176	0.604651	-3	right
chr10	41877341	41880536	e090b315-f9b9-460d-bd87-24c93c0092b1	41877294	41891012	fwd	3195	1361	578	0.07177	0.291866	0	0.742574	-1	right
chr10	41884119	41889562	73646415-e8d4-43e2-a64e-7166ae0eb237	41878779	41891681	fwd	5443	1481	1190	0.046875	0.380208	0	0.444444	-3	right
chr10	41884023	41886460	e069bf96-bb9a-4028-94ff-daffb9495af5	41878527	41910681	rev	2437	1591	502	0	0.330144	0.015152	0.590909	-1	right
chr10	41880810	41885776	b8d7d44c-392a-4af3-950a-fea1595b347f	41880803	41892301	rev	4966	2937	676	0.031359	0.543554	0	0.574297	-1	right
chr10	41886471	41890132	44c3c2b3-ac54-494d-bb72-1ef31cbd544a	41881793	41895226	fwd	3661	1191	915	0.073864	0.460227	0.033708	0.58427	-1	right
chr10	41892100	41895879	e98f4bff-6f1b-4a3a-98bb-2c964fa11879	41882661	41899912	fwd	3779	1760	2019	0.571429	0	0.059406	0.594059	-3	right
chr10	41884732	41890523	d22d5ffc-1ba1-4f48-9f79-1a8c314d24d4	41883037	41900378	fwd	5791	1536	2231	0.041237	0.505155	0.257692	0.142308	-1	right
chr10	41885036	41889487	074bcb88-ff8d-492d-97da-fddbee68dc0f	41883842	41900946	fwd	4451	2242	1600	0	0.288288	0	0.469565	-3	right
chr10	41897797	41910111	8a2a3476-d3ad-41a8-afcb-1d9c05ddf875	41891906	41912860	fwd	12314	5261	7053	0.063107	0.106796	0.013004	0.456437	-3	right
chr10	41900584	41907520	e1412143-b261-435b-a2fb-3e5179617e03	41895963	41909743	fwd	6936	1410	4952	0.076923	0.353846	0.07967	0.450549	-3	right
chr10	41903410	41908168	792adfd2-a9b2-450d-aab3-178d4e5ac9fe	41893512	41916263	fwd	4758	503	1947	0	0.305882	0.014368	0.477011	-1	right
chr10	41911481	41914360	792adfd2-a9b2-450d-aab3-178d4e5ac9fe	41893512	41916263	fwd	2879	727	1029	0.145161	0.467742	0.102857	0.582857	-3	right
chr10	55906385	55910142	9af2a3e8-f98d-4594-986c-15a0737d61cd	55906381	55921498	fwd	3757	1089	584	0.136546	0.51004	0	0.684848	-1	right
chr10	60021818	60028075	10909c6b-8bb3-4cff-a4d1-7f6e52a2b736	60021010	60029153	rev	6257	1088	2177	0.008621	0.333333	0.007194	0.883453	-3	right
chr10	60668666	60671729	2dd31739-3f26-4865-bbb9-66a862ac3995	60665081	60671738	rev	3063	1644	1126	0	0.515873	0.042802	0.789883	-3	right
chr10	87177600	87182704	a48dff33-660c-43a8-8aca-854bbdfde361	87168368	87182710	rev	5104	1866	1417	0	0.304274	0.031175	0.726619	-3	right
chr10	98435813	98440180	9c065cda-8de8-44fe-9e41-6b8334df76cd	98433866	98443989	rev	4367	1044	3068	0.008499	0.473088	0.007299	0.805353	-3	right
chr10	111275108	111280664	d03ca7ed-36f3-4986-8ddd-80e595ab0bcc	111268971	111280672	fwd	5556	1525	3593	0	0.508314	0.030769	0.620879	-3	right
chr10	123189012	123198304	c1e0b4d6-bb59-4d2d-97e6-cfbff8f57a50	123185060	123198311	fwd	9292	3267	5336	0.012415	0.407449	0.046133	0.592266	-3	right
chr10	129591244	129603869	46f30fef-7ca5-4764-9d97-6f838775afd3	129591239	129614613	fwd	12625	1638	10254	0	0.723618	0.01644	0.739814	0.69418	right
chr10	132770040	132774272	cf29c598-02eb-4760-a05f-bcda4eac9244	132756014	132774280	fwd	4232	1957	1531	0	0.323204	0	0.653374	-3	right
chr11	44057517	44060980	ed1de73a-b2e1-4cca-8acc-9f8b7095a0c8	44052882	44061377	rev	3463	1204	1664	0	0.347403	0.043678	0.590805	-3	right
chr11	50326917	50334320	3331efc1-a118-4980-884d-84e9ca050d3a	50326909	50337553	rev	7403	1365	4614	0.016064	0.228916	0.000791	0.844937	-3	right
chr11	66478092	66489332	ea9ad8e5-eee3-48a2-8844-72b949c0ee67	66474703	66489363	fwd	11240	1018	7509	0	0.221277	0.008649	0.736757	-3	right
chr11	100801862	100809858	464d8392-4d9b-4848-bed4-a12138dea7aa	100800283	100809864	fwd	7996	4935	2558	0.01078	0.36525	0.012146	0.823212	-3	right
chr11	111128961	111134847	695e1acc-ffa8-49e9-b7c2-9baf73eeec2c	111127623	111134858	fwd	5886	2002	2587	0	0.340102	0.001391	0.755216	-3	right
chr11	131212786	131223495	49927feb-e1f1-41ad-8be7-4a1264a9e9e3	131210148	131223504	rev	10709	1077	7894	0	0.228296	0.000504	0.804841	-3	right
chr12	13521425	13525141	d3966d02-556c-46e9-8199-e4f8429c330a	13515075	13527838	fwd	3716	1133	2199	0	0.277286	0.005025	0.745394	-3	right
chr12	26839087	26847781	96028461-421b-4964-bc0a-88a9203e796d	26839044	26847787	rev	8694	4595	3667	0.004866	0.514193	0.055154	0.689873	-3	right
chr12	43806214	43812205	4250489a-2a03-4a15-b33a-d3991a5b7233	43803240	43814711	fwd	5991	2274	3465	0.007452	0.490313	0.010476	0.832381	-3	right
chr12	52349671	52354311	42b75f10-0b95-4d4e-bb69-e94d313a5a18	52343827	52354323	rev	4640	1063	3094	0	0.368243	0.029062	0.635403	-3	right
chr12	80417110	80427171	a5ab7c90-ec84-4683-b373-c6edd44c661b	80414654	80427179	rev	10061	2774	7051	0	0.489647	0.008874	0.852405	-3	right
chr13	37405952	37416501	a9debbf4-d3b7-431c-8929-628dc294a533	37405874	37416510	fwd	10549	2160	6091	0	0.472454	0.00454	0.927923	-3	right
chr13	60771455	60780851	4586351a-f3c5-429c-862f-bba1f17d80b7	60771450	60780855	rev	9396	1482	6746	0	0.551282	0.005376	0.893145	-3	right
chr13	82829953	82836710	6f63321e-9292-4172-bd84-5db5978fa5cc	82827221	82836721	fwd	6757	1732	4780	0	0.494845	0	0.924723	-3	right
chrX	38839318	38842953	c805ccfa-17a7-4478-bdba-f06284f68c8e	38836324	38848082	rev	3635	1137	1976	0	0.195122	0	0.789474	-3	right
chrX	51004229	51013018	6fe43130-61f9-40d5-85c6-2e47b4d66b7b	50997455	51013027	rev	8789	1015	7315	0	0.234783	0.041339	0.692257	-3	right
chrX	53797752	53807119	6eba1beb-df56-4579-b549-ff07b6bc71a5	53788325	53808000	rev	9367	4105	4483	0.005188	0.577821	0	0.894928	-3	right
chrX	56391917	56403277	6efd07ed-f134-4d48-b214-a15f5f2a73d9	56391908	56403281	rev	11360	4881	5424	0.020318	0.234982	0.030303	0.780303	-3	right
chrX	109170099	109173505	d688fc69-d012-426b-9c09-287c6770d163	109163054	109173510	fwd	3406	1192	1809	0	0.317935	0.004124	0.806186	-3	right
chrX	112175453	112182236	bce746fc-32c4-479d-ae8f-5386990675bd	112175097	112184193	rev	6783	1426	4046	0.002268	0.433107	0.011304	0.837391	-3	right
chrX	125749241	125761130	40959b7a-4bb9-4bee-b040-249a43b79ca5	125746546	125761137	rev	11889	1425	9561	0.003781	0.695652	0.001677	0.89336	-3	right
